year, name,zone,tech,value
2022,stor_cap_exo,1,33,20
2020,ev_cap_exo,1,50,1156
2021,ev_cap_exo,1,50,1156
2022,ev_cap_exo,1,50,1156
2023,ev_cap_exo,1,50,1156
2024,ev_cap_exo,1,50,1156
2025,ev_cap_exo,1,50,1156
2026,ev_cap_exo,1,50,1156
2027,ev_cap_exo,1,50,1156
2028,ev_cap_exo,1,50,1156
2029,ev_cap_exo,1,50,1156
2030,ev_cap_exo,1,50,1156
2031,ev_cap_exo,1,50,1156
2032,ev_cap_exo,1,50,1156
2033,ev_cap_exo,1,50,1156
2034,ev_cap_exo,1,50,1156
2035,ev_cap_exo,1,50,1156
2036,ev_cap_exo,1,50,1156
2037,ev_cap_exo,1,50,1156
2038,ev_cap_exo,1,50,1156
2039,ev_cap_exo,1,50,1156
2040,ev_cap_exo,1,50,1156
2041,ev_cap_exo,1,50,1156
2042,ev_cap_exo,1,50,1156
2043,ev_cap_exo,1,50,1156
2044,ev_cap_exo,1,50,1156
2045,ev_cap_exo,1,50,1156
2046,ev_cap_exo,1,50,1156
2047,ev_cap_exo,1,50,1156
2048,ev_cap_exo,1,50,1156
2049,ev_cap_exo,1,50,1156
2050,ev_cap_exo,1,50,1156
2020,ev_cap_exo,1,51,563
2021,ev_cap_exo,1,51,563
2022,ev_cap_exo,1,51,563
2023,ev_cap_exo,1,51,563
2024,ev_cap_exo,1,51,563
2025,ev_cap_exo,1,51,563
2026,ev_cap_exo,1,51,563
2027,ev_cap_exo,1,51,563
2028,ev_cap_exo,1,51,563
2029,ev_cap_exo,1,51,563
2030,ev_cap_exo,1,51,563
2031,ev_cap_exo,1,51,563
2032,ev_cap_exo,1,51,563
2033,ev_cap_exo,1,51,563
2034,ev_cap_exo,1,51,563
2035,ev_cap_exo,1,51,563
2036,ev_cap_exo,1,51,563
2037,ev_cap_exo,1,51,563
2038,ev_cap_exo,1,51,563
2039,ev_cap_exo,1,51,563
2040,ev_cap_exo,1,51,563
2041,ev_cap_exo,1,51,563
2042,ev_cap_exo,1,51,563
2043,ev_cap_exo,1,51,563
2044,ev_cap_exo,1,51,563
2045,ev_cap_exo,1,51,563
2046,ev_cap_exo,1,51,563
2047,ev_cap_exo,1,51,563
2048,ev_cap_exo,1,51,563
2049,ev_cap_exo,1,51,563
2050,ev_cap_exo,1,51,563
2020,ev_cap_exo,1,52,0
2021,ev_cap_exo,1,52,0
2022,ev_cap_exo,1,52,0
2023,ev_cap_exo,1,52,0
2024,ev_cap_exo,1,52,0
2025,ev_cap_exo,1,52,0
2026,ev_cap_exo,1,52,0
2027,ev_cap_exo,1,52,0
2028,ev_cap_exo,1,52,0
2029,ev_cap_exo,1,52,0
2030,ev_cap_exo,1,52,0
2031,ev_cap_exo,1,52,0
2032,ev_cap_exo,1,52,0
2033,ev_cap_exo,1,52,0
2034,ev_cap_exo,1,52,0
2035,ev_cap_exo,1,52,0
2036,ev_cap_exo,1,52,0
2037,ev_cap_exo,1,52,0
2038,ev_cap_exo,1,52,0
2039,ev_cap_exo,1,52,0
2040,ev_cap_exo,1,52,0
2041,ev_cap_exo,1,52,0
2042,ev_cap_exo,1,52,0
2043,ev_cap_exo,1,52,0
2044,ev_cap_exo,1,52,0
2045,ev_cap_exo,1,52,0
2046,ev_cap_exo,1,52,0
2047,ev_cap_exo,1,52,0
2048,ev_cap_exo,1,52,0
2049,ev_cap_exo,1,52,0
2050,ev_cap_exo,1,52,0
2020,ev_cap_exo,1,53,32
2021,ev_cap_exo,1,53,32
2022,ev_cap_exo,1,53,32
2023,ev_cap_exo,1,53,32
2024,ev_cap_exo,1,53,32
2025,ev_cap_exo,1,53,32
2026,ev_cap_exo,1,53,32
2027,ev_cap_exo,1,53,32
2028,ev_cap_exo,1,53,32
2029,ev_cap_exo,1,53,32
2030,ev_cap_exo,1,53,32
2031,ev_cap_exo,1,53,32
2032,ev_cap_exo,1,53,32
2033,ev_cap_exo,1,53,32
2034,ev_cap_exo,1,53,32
2035,ev_cap_exo,1,53,32
2036,ev_cap_exo,1,53,32
2037,ev_cap_exo,1,53,32
2038,ev_cap_exo,1,53,32
2039,ev_cap_exo,1,53,32
2040,ev_cap_exo,1,53,32
2041,ev_cap_exo,1,53,32
2042,ev_cap_exo,1,53,32
2043,ev_cap_exo,1,53,32
2044,ev_cap_exo,1,53,32
2045,ev_cap_exo,1,53,32
2046,ev_cap_exo,1,53,32
2047,ev_cap_exo,1,53,32
2048,ev_cap_exo,1,53,32
2049,ev_cap_exo,1,53,32
2050,ev_cap_exo,1,53,32
2020,ev_cap_exo,1,60,40
2021,ev_cap_exo,1,60,40
2022,ev_cap_exo,1,60,40
2023,ev_cap_exo,1,60,40
2024,ev_cap_exo,1,60,40
2025,ev_cap_exo,1,60,40
2026,ev_cap_exo,1,60,40
2027,ev_cap_exo,1,60,40
2028,ev_cap_exo,1,60,40
2029,ev_cap_exo,1,60,40
2030,ev_cap_exo,1,60,40
2031,ev_cap_exo,1,60,40
2032,ev_cap_exo,1,60,40
2033,ev_cap_exo,1,60,40
2034,ev_cap_exo,1,60,40
2035,ev_cap_exo,1,60,40
2036,ev_cap_exo,1,60,40
2037,ev_cap_exo,1,60,40
2038,ev_cap_exo,1,60,40
2039,ev_cap_exo,1,60,40
2040,ev_cap_exo,1,60,40
2041,ev_cap_exo,1,60,40
2042,ev_cap_exo,1,60,40
2043,ev_cap_exo,1,60,40
2044,ev_cap_exo,1,60,40
2045,ev_cap_exo,1,60,40
2046,ev_cap_exo,1,60,40
2047,ev_cap_exo,1,60,40
2048,ev_cap_exo,1,60,40
2049,ev_cap_exo,1,60,40
2050,ev_cap_exo,1,60,40
2020,ev_cap_exo,1,61,0
2021,ev_cap_exo,1,61,0
2022,ev_cap_exo,1,61,0
2023,ev_cap_exo,1,61,0
2024,ev_cap_exo,1,61,0
2025,ev_cap_exo,1,61,0
2026,ev_cap_exo,1,61,0
2027,ev_cap_exo,1,61,0
2028,ev_cap_exo,1,61,0
2029,ev_cap_exo,1,61,0
2030,ev_cap_exo,1,61,0
2031,ev_cap_exo,1,61,0
2032,ev_cap_exo,1,61,0
2033,ev_cap_exo,1,61,0
2034,ev_cap_exo,1,61,0
2035,ev_cap_exo,1,61,0
2036,ev_cap_exo,1,61,0
2037,ev_cap_exo,1,61,0
2038,ev_cap_exo,1,61,0
2039,ev_cap_exo,1,61,0
2040,ev_cap_exo,1,61,0
2041,ev_cap_exo,1,61,0
2042,ev_cap_exo,1,61,0
2043,ev_cap_exo,1,61,0
2044,ev_cap_exo,1,61,0
2045,ev_cap_exo,1,61,0
2046,ev_cap_exo,1,61,0
2047,ev_cap_exo,1,61,0
2048,ev_cap_exo,1,61,0
2049,ev_cap_exo,1,61,0
2050,ev_cap_exo,1,61,0
2020,ev_cap_exo,1,70,107
2021,ev_cap_exo,1,70,107
2022,ev_cap_exo,1,70,107
2023,ev_cap_exo,1,70,107
2024,ev_cap_exo,1,70,107
2025,ev_cap_exo,1,70,107
2026,ev_cap_exo,1,70,107
2027,ev_cap_exo,1,70,107
2028,ev_cap_exo,1,70,107
2029,ev_cap_exo,1,70,107
2030,ev_cap_exo,1,70,107
2031,ev_cap_exo,1,70,107
2032,ev_cap_exo,1,70,107
2033,ev_cap_exo,1,70,107
2034,ev_cap_exo,1,70,107
2035,ev_cap_exo,1,70,107
2036,ev_cap_exo,1,70,107
2037,ev_cap_exo,1,70,107
2038,ev_cap_exo,1,70,107
2039,ev_cap_exo,1,70,107
2040,ev_cap_exo,1,70,107
2041,ev_cap_exo,1,70,107
2042,ev_cap_exo,1,70,107
2043,ev_cap_exo,1,70,107
2044,ev_cap_exo,1,70,107
2045,ev_cap_exo,1,70,107
2046,ev_cap_exo,1,70,107
2047,ev_cap_exo,1,70,107
2048,ev_cap_exo,1,70,107
2049,ev_cap_exo,1,70,107
2050,ev_cap_exo,1,70,107
2020,ev_cap_exo,2,50,395
2021,ev_cap_exo,2,50,395
2022,ev_cap_exo,2,50,395
2023,ev_cap_exo,2,50,395
2024,ev_cap_exo,2,50,395
2025,ev_cap_exo,2,50,395
2026,ev_cap_exo,2,50,395
2027,ev_cap_exo,2,50,395
2028,ev_cap_exo,2,50,395
2029,ev_cap_exo,2,50,395
2030,ev_cap_exo,2,50,395
2031,ev_cap_exo,2,50,395
2032,ev_cap_exo,2,50,395
2033,ev_cap_exo,2,50,395
2034,ev_cap_exo,2,50,395
2035,ev_cap_exo,2,50,395
2036,ev_cap_exo,2,50,395
2037,ev_cap_exo,2,50,395
2038,ev_cap_exo,2,50,395
2039,ev_cap_exo,2,50,395
2040,ev_cap_exo,2,50,395
2041,ev_cap_exo,2,50,395
2042,ev_cap_exo,2,50,395
2043,ev_cap_exo,2,50,395
2044,ev_cap_exo,2,50,395
2045,ev_cap_exo,2,50,395
2046,ev_cap_exo,2,50,395
2047,ev_cap_exo,2,50,395
2048,ev_cap_exo,2,50,395
2049,ev_cap_exo,2,50,395
2050,ev_cap_exo,2,50,395
2020,ev_cap_exo,2,51,192
2021,ev_cap_exo,2,51,192
2022,ev_cap_exo,2,51,192
2023,ev_cap_exo,2,51,192
2024,ev_cap_exo,2,51,192
2025,ev_cap_exo,2,51,192
2026,ev_cap_exo,2,51,192
2027,ev_cap_exo,2,51,192
2028,ev_cap_exo,2,51,192
2029,ev_cap_exo,2,51,192
2030,ev_cap_exo,2,51,192
2031,ev_cap_exo,2,51,192
2032,ev_cap_exo,2,51,192
2033,ev_cap_exo,2,51,192
2034,ev_cap_exo,2,51,192
2035,ev_cap_exo,2,51,192
2036,ev_cap_exo,2,51,192
2037,ev_cap_exo,2,51,192
2038,ev_cap_exo,2,51,192
2039,ev_cap_exo,2,51,192
2040,ev_cap_exo,2,51,192
2041,ev_cap_exo,2,51,192
2042,ev_cap_exo,2,51,192
2043,ev_cap_exo,2,51,192
2044,ev_cap_exo,2,51,192
2045,ev_cap_exo,2,51,192
2046,ev_cap_exo,2,51,192
2047,ev_cap_exo,2,51,192
2048,ev_cap_exo,2,51,192
2049,ev_cap_exo,2,51,192
2050,ev_cap_exo,2,51,192
2020,ev_cap_exo,2,52,0
2021,ev_cap_exo,2,52,0
2022,ev_cap_exo,2,52,0
2023,ev_cap_exo,2,52,0
2024,ev_cap_exo,2,52,0
2025,ev_cap_exo,2,52,0
2026,ev_cap_exo,2,52,0
2027,ev_cap_exo,2,52,0
2028,ev_cap_exo,2,52,0
2029,ev_cap_exo,2,52,0
2030,ev_cap_exo,2,52,0
2031,ev_cap_exo,2,52,0
2032,ev_cap_exo,2,52,0
2033,ev_cap_exo,2,52,0
2034,ev_cap_exo,2,52,0
2035,ev_cap_exo,2,52,0
2036,ev_cap_exo,2,52,0
2037,ev_cap_exo,2,52,0
2038,ev_cap_exo,2,52,0
2039,ev_cap_exo,2,52,0
2040,ev_cap_exo,2,52,0
2041,ev_cap_exo,2,52,0
2042,ev_cap_exo,2,52,0
2043,ev_cap_exo,2,52,0
2044,ev_cap_exo,2,52,0
2045,ev_cap_exo,2,52,0
2046,ev_cap_exo,2,52,0
2047,ev_cap_exo,2,52,0
2048,ev_cap_exo,2,52,0
2049,ev_cap_exo,2,52,0
2050,ev_cap_exo,2,52,0
2020,ev_cap_exo,2,53,11
2021,ev_cap_exo,2,53,11
2022,ev_cap_exo,2,53,11
2023,ev_cap_exo,2,53,11
2024,ev_cap_exo,2,53,11
2025,ev_cap_exo,2,53,11
2026,ev_cap_exo,2,53,11
2027,ev_cap_exo,2,53,11
2028,ev_cap_exo,2,53,11
2029,ev_cap_exo,2,53,11
2030,ev_cap_exo,2,53,11
2031,ev_cap_exo,2,53,11
2032,ev_cap_exo,2,53,11
2033,ev_cap_exo,2,53,11
2034,ev_cap_exo,2,53,11
2035,ev_cap_exo,2,53,11
2036,ev_cap_exo,2,53,11
2037,ev_cap_exo,2,53,11
2038,ev_cap_exo,2,53,11
2039,ev_cap_exo,2,53,11
2040,ev_cap_exo,2,53,11
2041,ev_cap_exo,2,53,11
2042,ev_cap_exo,2,53,11
2043,ev_cap_exo,2,53,11
2044,ev_cap_exo,2,53,11
2045,ev_cap_exo,2,53,11
2046,ev_cap_exo,2,53,11
2047,ev_cap_exo,2,53,11
2048,ev_cap_exo,2,53,11
2049,ev_cap_exo,2,53,11
2050,ev_cap_exo,2,53,11
2020,ev_cap_exo,2,60,14
2021,ev_cap_exo,2,60,14
2022,ev_cap_exo,2,60,14
2023,ev_cap_exo,2,60,14
2024,ev_cap_exo,2,60,14
2025,ev_cap_exo,2,60,14
2026,ev_cap_exo,2,60,14
2027,ev_cap_exo,2,60,14
2028,ev_cap_exo,2,60,14
2029,ev_cap_exo,2,60,14
2030,ev_cap_exo,2,60,14
2031,ev_cap_exo,2,60,14
2032,ev_cap_exo,2,60,14
2033,ev_cap_exo,2,60,14
2034,ev_cap_exo,2,60,14
2035,ev_cap_exo,2,60,14
2036,ev_cap_exo,2,60,14
2037,ev_cap_exo,2,60,14
2038,ev_cap_exo,2,60,14
2039,ev_cap_exo,2,60,14
2040,ev_cap_exo,2,60,14
2041,ev_cap_exo,2,60,14
2042,ev_cap_exo,2,60,14
2043,ev_cap_exo,2,60,14
2044,ev_cap_exo,2,60,14
2045,ev_cap_exo,2,60,14
2046,ev_cap_exo,2,60,14
2047,ev_cap_exo,2,60,14
2048,ev_cap_exo,2,60,14
2049,ev_cap_exo,2,60,14
2050,ev_cap_exo,2,60,14
2020,ev_cap_exo,2,61,0
2021,ev_cap_exo,2,61,0
2022,ev_cap_exo,2,61,0
2023,ev_cap_exo,2,61,0
2024,ev_cap_exo,2,61,0
2025,ev_cap_exo,2,61,0
2026,ev_cap_exo,2,61,0
2027,ev_cap_exo,2,61,0
2028,ev_cap_exo,2,61,0
2029,ev_cap_exo,2,61,0
2030,ev_cap_exo,2,61,0
2031,ev_cap_exo,2,61,0
2032,ev_cap_exo,2,61,0
2033,ev_cap_exo,2,61,0
2034,ev_cap_exo,2,61,0
2035,ev_cap_exo,2,61,0
2036,ev_cap_exo,2,61,0
2037,ev_cap_exo,2,61,0
2038,ev_cap_exo,2,61,0
2039,ev_cap_exo,2,61,0
2040,ev_cap_exo,2,61,0
2041,ev_cap_exo,2,61,0
2042,ev_cap_exo,2,61,0
2043,ev_cap_exo,2,61,0
2044,ev_cap_exo,2,61,0
2045,ev_cap_exo,2,61,0
2046,ev_cap_exo,2,61,0
2047,ev_cap_exo,2,61,0
2048,ev_cap_exo,2,61,0
2049,ev_cap_exo,2,61,0
2050,ev_cap_exo,2,61,0
2020,ev_cap_exo,2,70,36
2021,ev_cap_exo,2,70,36
2022,ev_cap_exo,2,70,36
2023,ev_cap_exo,2,70,36
2024,ev_cap_exo,2,70,36
2025,ev_cap_exo,2,70,36
2026,ev_cap_exo,2,70,36
2027,ev_cap_exo,2,70,36
2028,ev_cap_exo,2,70,36
2029,ev_cap_exo,2,70,36
2030,ev_cap_exo,2,70,36
2031,ev_cap_exo,2,70,36
2032,ev_cap_exo,2,70,36
2033,ev_cap_exo,2,70,36
2034,ev_cap_exo,2,70,36
2035,ev_cap_exo,2,70,36
2036,ev_cap_exo,2,70,36
2037,ev_cap_exo,2,70,36
2038,ev_cap_exo,2,70,36
2039,ev_cap_exo,2,70,36
2040,ev_cap_exo,2,70,36
2041,ev_cap_exo,2,70,36
2042,ev_cap_exo,2,70,36
2043,ev_cap_exo,2,70,36
2044,ev_cap_exo,2,70,36
2045,ev_cap_exo,2,70,36
2046,ev_cap_exo,2,70,36
2047,ev_cap_exo,2,70,36
2048,ev_cap_exo,2,70,36
2049,ev_cap_exo,2,70,36
2050,ev_cap_exo,2,70,36
2020,ev_cap_exo,3,50,644
2021,ev_cap_exo,3,50,644
2022,ev_cap_exo,3,50,644
2023,ev_cap_exo,3,50,644
2024,ev_cap_exo,3,50,644
2025,ev_cap_exo,3,50,644
2026,ev_cap_exo,3,50,644
2027,ev_cap_exo,3,50,644
2028,ev_cap_exo,3,50,644
2029,ev_cap_exo,3,50,644
2030,ev_cap_exo,3,50,644
2031,ev_cap_exo,3,50,644
2032,ev_cap_exo,3,50,644
2033,ev_cap_exo,3,50,644
2034,ev_cap_exo,3,50,644
2035,ev_cap_exo,3,50,644
2036,ev_cap_exo,3,50,644
2037,ev_cap_exo,3,50,644
2038,ev_cap_exo,3,50,644
2039,ev_cap_exo,3,50,644
2040,ev_cap_exo,3,50,644
2041,ev_cap_exo,3,50,644
2042,ev_cap_exo,3,50,644
2043,ev_cap_exo,3,50,644
2044,ev_cap_exo,3,50,644
2045,ev_cap_exo,3,50,644
2046,ev_cap_exo,3,50,644
2047,ev_cap_exo,3,50,644
2048,ev_cap_exo,3,50,644
2049,ev_cap_exo,3,50,644
2050,ev_cap_exo,3,50,644
2020,ev_cap_exo,3,51,313
2021,ev_cap_exo,3,51,313
2022,ev_cap_exo,3,51,313
2023,ev_cap_exo,3,51,313
2024,ev_cap_exo,3,51,313
2025,ev_cap_exo,3,51,313
2026,ev_cap_exo,3,51,313
2027,ev_cap_exo,3,51,313
2028,ev_cap_exo,3,51,313
2029,ev_cap_exo,3,51,313
2030,ev_cap_exo,3,51,313
2031,ev_cap_exo,3,51,313
2032,ev_cap_exo,3,51,313
2033,ev_cap_exo,3,51,313
2034,ev_cap_exo,3,51,313
2035,ev_cap_exo,3,51,313
2036,ev_cap_exo,3,51,313
2037,ev_cap_exo,3,51,313
2038,ev_cap_exo,3,51,313
2039,ev_cap_exo,3,51,313
2040,ev_cap_exo,3,51,313
2041,ev_cap_exo,3,51,313
2042,ev_cap_exo,3,51,313
2043,ev_cap_exo,3,51,313
2044,ev_cap_exo,3,51,313
2045,ev_cap_exo,3,51,313
2046,ev_cap_exo,3,51,313
2047,ev_cap_exo,3,51,313
2048,ev_cap_exo,3,51,313
2049,ev_cap_exo,3,51,313
2050,ev_cap_exo,3,51,313
2020,ev_cap_exo,3,52,0
2021,ev_cap_exo,3,52,0
2022,ev_cap_exo,3,52,0
2023,ev_cap_exo,3,52,0
2024,ev_cap_exo,3,52,0
2025,ev_cap_exo,3,52,0
2026,ev_cap_exo,3,52,0
2027,ev_cap_exo,3,52,0
2028,ev_cap_exo,3,52,0
2029,ev_cap_exo,3,52,0
2030,ev_cap_exo,3,52,0
2031,ev_cap_exo,3,52,0
2032,ev_cap_exo,3,52,0
2033,ev_cap_exo,3,52,0
2034,ev_cap_exo,3,52,0
2035,ev_cap_exo,3,52,0
2036,ev_cap_exo,3,52,0
2037,ev_cap_exo,3,52,0
2038,ev_cap_exo,3,52,0
2039,ev_cap_exo,3,52,0
2040,ev_cap_exo,3,52,0
2041,ev_cap_exo,3,52,0
2042,ev_cap_exo,3,52,0
2043,ev_cap_exo,3,52,0
2044,ev_cap_exo,3,52,0
2045,ev_cap_exo,3,52,0
2046,ev_cap_exo,3,52,0
2047,ev_cap_exo,3,52,0
2048,ev_cap_exo,3,52,0
2049,ev_cap_exo,3,52,0
2050,ev_cap_exo,3,52,0
2020,ev_cap_exo,3,53,18
2021,ev_cap_exo,3,53,18
2022,ev_cap_exo,3,53,18
2023,ev_cap_exo,3,53,18
2024,ev_cap_exo,3,53,18
2025,ev_cap_exo,3,53,18
2026,ev_cap_exo,3,53,18
2027,ev_cap_exo,3,53,18
2028,ev_cap_exo,3,53,18
2029,ev_cap_exo,3,53,18
2030,ev_cap_exo,3,53,18
2031,ev_cap_exo,3,53,18
2032,ev_cap_exo,3,53,18
2033,ev_cap_exo,3,53,18
2034,ev_cap_exo,3,53,18
2035,ev_cap_exo,3,53,18
2036,ev_cap_exo,3,53,18
2037,ev_cap_exo,3,53,18
2038,ev_cap_exo,3,53,18
2039,ev_cap_exo,3,53,18
2040,ev_cap_exo,3,53,18
2041,ev_cap_exo,3,53,18
2042,ev_cap_exo,3,53,18
2043,ev_cap_exo,3,53,18
2044,ev_cap_exo,3,53,18
2045,ev_cap_exo,3,53,18
2046,ev_cap_exo,3,53,18
2047,ev_cap_exo,3,53,18
2048,ev_cap_exo,3,53,18
2049,ev_cap_exo,3,53,18
2050,ev_cap_exo,3,53,18
2020,ev_cap_exo,3,60,22
2021,ev_cap_exo,3,60,22
2022,ev_cap_exo,3,60,22
2023,ev_cap_exo,3,60,22
2024,ev_cap_exo,3,60,22
2025,ev_cap_exo,3,60,22
2026,ev_cap_exo,3,60,22
2027,ev_cap_exo,3,60,22
2028,ev_cap_exo,3,60,22
2029,ev_cap_exo,3,60,22
2030,ev_cap_exo,3,60,22
2031,ev_cap_exo,3,60,22
2032,ev_cap_exo,3,60,22
2033,ev_cap_exo,3,60,22
2034,ev_cap_exo,3,60,22
2035,ev_cap_exo,3,60,22
2036,ev_cap_exo,3,60,22
2037,ev_cap_exo,3,60,22
2038,ev_cap_exo,3,60,22
2039,ev_cap_exo,3,60,22
2040,ev_cap_exo,3,60,22
2041,ev_cap_exo,3,60,22
2042,ev_cap_exo,3,60,22
2043,ev_cap_exo,3,60,22
2044,ev_cap_exo,3,60,22
2045,ev_cap_exo,3,60,22
2046,ev_cap_exo,3,60,22
2047,ev_cap_exo,3,60,22
2048,ev_cap_exo,3,60,22
2049,ev_cap_exo,3,60,22
2050,ev_cap_exo,3,60,22
2020,ev_cap_exo,3,61,0
2021,ev_cap_exo,3,61,0
2022,ev_cap_exo,3,61,0
2023,ev_cap_exo,3,61,0
2024,ev_cap_exo,3,61,0
2025,ev_cap_exo,3,61,0
2026,ev_cap_exo,3,61,0
2027,ev_cap_exo,3,61,0
2028,ev_cap_exo,3,61,0
2029,ev_cap_exo,3,61,0
2030,ev_cap_exo,3,61,0
2031,ev_cap_exo,3,61,0
2032,ev_cap_exo,3,61,0
2033,ev_cap_exo,3,61,0
2034,ev_cap_exo,3,61,0
2035,ev_cap_exo,3,61,0
2036,ev_cap_exo,3,61,0
2037,ev_cap_exo,3,61,0
2038,ev_cap_exo,3,61,0
2039,ev_cap_exo,3,61,0
2040,ev_cap_exo,3,61,0
2041,ev_cap_exo,3,61,0
2042,ev_cap_exo,3,61,0
2043,ev_cap_exo,3,61,0
2044,ev_cap_exo,3,61,0
2045,ev_cap_exo,3,61,0
2046,ev_cap_exo,3,61,0
2047,ev_cap_exo,3,61,0
2048,ev_cap_exo,3,61,0
2049,ev_cap_exo,3,61,0
2050,ev_cap_exo,3,61,0
2020,ev_cap_exo,3,70,60
2021,ev_cap_exo,3,70,60
2022,ev_cap_exo,3,70,60
2023,ev_cap_exo,3,70,60
2024,ev_cap_exo,3,70,60
2025,ev_cap_exo,3,70,60
2026,ev_cap_exo,3,70,60
2027,ev_cap_exo,3,70,60
2028,ev_cap_exo,3,70,60
2029,ev_cap_exo,3,70,60
2030,ev_cap_exo,3,70,60
2031,ev_cap_exo,3,70,60
2032,ev_cap_exo,3,70,60
2033,ev_cap_exo,3,70,60
2034,ev_cap_exo,3,70,60
2035,ev_cap_exo,3,70,60
2036,ev_cap_exo,3,70,60
2037,ev_cap_exo,3,70,60
2038,ev_cap_exo,3,70,60
2039,ev_cap_exo,3,70,60
2040,ev_cap_exo,3,70,60
2041,ev_cap_exo,3,70,60
2042,ev_cap_exo,3,70,60
2043,ev_cap_exo,3,70,60
2044,ev_cap_exo,3,70,60
2045,ev_cap_exo,3,70,60
2046,ev_cap_exo,3,70,60
2047,ev_cap_exo,3,70,60
2048,ev_cap_exo,3,70,60
2049,ev_cap_exo,3,70,60
2050,ev_cap_exo,3,70,60
2020,ev_cap_exo,4,50,6562
2021,ev_cap_exo,4,50,6562
2022,ev_cap_exo,4,50,6562
2023,ev_cap_exo,4,50,6562
2024,ev_cap_exo,4,50,6562
2025,ev_cap_exo,4,50,6562
2026,ev_cap_exo,4,50,6562
2027,ev_cap_exo,4,50,6562
2028,ev_cap_exo,4,50,6562
2029,ev_cap_exo,4,50,6562
2030,ev_cap_exo,4,50,6562
2031,ev_cap_exo,4,50,6562
2032,ev_cap_exo,4,50,6562
2033,ev_cap_exo,4,50,6562
2034,ev_cap_exo,4,50,6562
2035,ev_cap_exo,4,50,6562
2036,ev_cap_exo,4,50,6562
2037,ev_cap_exo,4,50,6562
2038,ev_cap_exo,4,50,6562
2039,ev_cap_exo,4,50,6562
2040,ev_cap_exo,4,50,6562
2041,ev_cap_exo,4,50,6562
2042,ev_cap_exo,4,50,6562
2043,ev_cap_exo,4,50,6562
2044,ev_cap_exo,4,50,6562
2045,ev_cap_exo,4,50,6562
2046,ev_cap_exo,4,50,6562
2047,ev_cap_exo,4,50,6562
2048,ev_cap_exo,4,50,6562
2049,ev_cap_exo,4,50,6562
2050,ev_cap_exo,4,50,6562
2020,ev_cap_exo,4,51,3197
2021,ev_cap_exo,4,51,3197
2022,ev_cap_exo,4,51,3197
2023,ev_cap_exo,4,51,3197
2024,ev_cap_exo,4,51,3197
2025,ev_cap_exo,4,51,3197
2026,ev_cap_exo,4,51,3197
2027,ev_cap_exo,4,51,3197
2028,ev_cap_exo,4,51,3197
2029,ev_cap_exo,4,51,3197
2030,ev_cap_exo,4,51,3197
2031,ev_cap_exo,4,51,3197
2032,ev_cap_exo,4,51,3197
2033,ev_cap_exo,4,51,3197
2034,ev_cap_exo,4,51,3197
2035,ev_cap_exo,4,51,3197
2036,ev_cap_exo,4,51,3197
2037,ev_cap_exo,4,51,3197
2038,ev_cap_exo,4,51,3197
2039,ev_cap_exo,4,51,3197
2040,ev_cap_exo,4,51,3197
2041,ev_cap_exo,4,51,3197
2042,ev_cap_exo,4,51,3197
2043,ev_cap_exo,4,51,3197
2044,ev_cap_exo,4,51,3197
2045,ev_cap_exo,4,51,3197
2046,ev_cap_exo,4,51,3197
2047,ev_cap_exo,4,51,3197
2048,ev_cap_exo,4,51,3197
2049,ev_cap_exo,4,51,3197
2050,ev_cap_exo,4,51,3197
2020,ev_cap_exo,4,52,16
2021,ev_cap_exo,4,52,16
2022,ev_cap_exo,4,52,16
2023,ev_cap_exo,4,52,16
2024,ev_cap_exo,4,52,16
2025,ev_cap_exo,4,52,16
2026,ev_cap_exo,4,52,16
2027,ev_cap_exo,4,52,16
2028,ev_cap_exo,4,52,16
2029,ev_cap_exo,4,52,16
2030,ev_cap_exo,4,52,16
2031,ev_cap_exo,4,52,16
2032,ev_cap_exo,4,52,16
2033,ev_cap_exo,4,52,16
2034,ev_cap_exo,4,52,16
2035,ev_cap_exo,4,52,16
2036,ev_cap_exo,4,52,16
2037,ev_cap_exo,4,52,16
2038,ev_cap_exo,4,52,16
2039,ev_cap_exo,4,52,16
2040,ev_cap_exo,4,52,16
2041,ev_cap_exo,4,52,16
2042,ev_cap_exo,4,52,16
2043,ev_cap_exo,4,52,16
2044,ev_cap_exo,4,52,16
2045,ev_cap_exo,4,52,16
2046,ev_cap_exo,4,52,16
2047,ev_cap_exo,4,52,16
2048,ev_cap_exo,4,52,16
2049,ev_cap_exo,4,52,16
2050,ev_cap_exo,4,52,16
2020,ev_cap_exo,4,53,182
2021,ev_cap_exo,4,53,182
2022,ev_cap_exo,4,53,182
2023,ev_cap_exo,4,53,182
2024,ev_cap_exo,4,53,182
2025,ev_cap_exo,4,53,182
2026,ev_cap_exo,4,53,182
2027,ev_cap_exo,4,53,182
2028,ev_cap_exo,4,53,182
2029,ev_cap_exo,4,53,182
2030,ev_cap_exo,4,53,182
2031,ev_cap_exo,4,53,182
2032,ev_cap_exo,4,53,182
2033,ev_cap_exo,4,53,182
2034,ev_cap_exo,4,53,182
2035,ev_cap_exo,4,53,182
2036,ev_cap_exo,4,53,182
2037,ev_cap_exo,4,53,182
2038,ev_cap_exo,4,53,182
2039,ev_cap_exo,4,53,182
2040,ev_cap_exo,4,53,182
2041,ev_cap_exo,4,53,182
2042,ev_cap_exo,4,53,182
2043,ev_cap_exo,4,53,182
2044,ev_cap_exo,4,53,182
2045,ev_cap_exo,4,53,182
2046,ev_cap_exo,4,53,182
2047,ev_cap_exo,4,53,182
2048,ev_cap_exo,4,53,182
2049,ev_cap_exo,4,53,182
2050,ev_cap_exo,4,53,182
2020,ev_cap_exo,4,60,224
2021,ev_cap_exo,4,60,224
2022,ev_cap_exo,4,60,224
2023,ev_cap_exo,4,60,224
2024,ev_cap_exo,4,60,224
2025,ev_cap_exo,4,60,224
2026,ev_cap_exo,4,60,224
2027,ev_cap_exo,4,60,224
2028,ev_cap_exo,4,60,224
2029,ev_cap_exo,4,60,224
2030,ev_cap_exo,4,60,224
2031,ev_cap_exo,4,60,224
2032,ev_cap_exo,4,60,224
2033,ev_cap_exo,4,60,224
2034,ev_cap_exo,4,60,224
2035,ev_cap_exo,4,60,224
2036,ev_cap_exo,4,60,224
2037,ev_cap_exo,4,60,224
2038,ev_cap_exo,4,60,224
2039,ev_cap_exo,4,60,224
2040,ev_cap_exo,4,60,224
2041,ev_cap_exo,4,60,224
2042,ev_cap_exo,4,60,224
2043,ev_cap_exo,4,60,224
2044,ev_cap_exo,4,60,224
2045,ev_cap_exo,4,60,224
2046,ev_cap_exo,4,60,224
2047,ev_cap_exo,4,60,224
2048,ev_cap_exo,4,60,224
2049,ev_cap_exo,4,60,224
2050,ev_cap_exo,4,60,224
2020,ev_cap_exo,4,61,1
2021,ev_cap_exo,4,61,1
2022,ev_cap_exo,4,61,1
2023,ev_cap_exo,4,61,1
2024,ev_cap_exo,4,61,1
2025,ev_cap_exo,4,61,1
2026,ev_cap_exo,4,61,1
2027,ev_cap_exo,4,61,1
2028,ev_cap_exo,4,61,1
2029,ev_cap_exo,4,61,1
2030,ev_cap_exo,4,61,1
2031,ev_cap_exo,4,61,1
2032,ev_cap_exo,4,61,1
2033,ev_cap_exo,4,61,1
2034,ev_cap_exo,4,61,1
2035,ev_cap_exo,4,61,1
2036,ev_cap_exo,4,61,1
2037,ev_cap_exo,4,61,1
2038,ev_cap_exo,4,61,1
2039,ev_cap_exo,4,61,1
2040,ev_cap_exo,4,61,1
2041,ev_cap_exo,4,61,1
2042,ev_cap_exo,4,61,1
2043,ev_cap_exo,4,61,1
2044,ev_cap_exo,4,61,1
2045,ev_cap_exo,4,61,1
2046,ev_cap_exo,4,61,1
2047,ev_cap_exo,4,61,1
2048,ev_cap_exo,4,61,1
2049,ev_cap_exo,4,61,1
2050,ev_cap_exo,4,61,1
2020,ev_cap_exo,4,70,608
2021,ev_cap_exo,4,70,608
2022,ev_cap_exo,4,70,608
2023,ev_cap_exo,4,70,608
2024,ev_cap_exo,4,70,608
2025,ev_cap_exo,4,70,608
2026,ev_cap_exo,4,70,608
2027,ev_cap_exo,4,70,608
2028,ev_cap_exo,4,70,608
2029,ev_cap_exo,4,70,608
2030,ev_cap_exo,4,70,608
2031,ev_cap_exo,4,70,608
2032,ev_cap_exo,4,70,608
2033,ev_cap_exo,4,70,608
2034,ev_cap_exo,4,70,608
2035,ev_cap_exo,4,70,608
2036,ev_cap_exo,4,70,608
2037,ev_cap_exo,4,70,608
2038,ev_cap_exo,4,70,608
2039,ev_cap_exo,4,70,608
2040,ev_cap_exo,4,70,608
2041,ev_cap_exo,4,70,608
2042,ev_cap_exo,4,70,608
2043,ev_cap_exo,4,70,608
2044,ev_cap_exo,4,70,608
2045,ev_cap_exo,4,70,608
2046,ev_cap_exo,4,70,608
2047,ev_cap_exo,4,70,608
2048,ev_cap_exo,4,70,608
2049,ev_cap_exo,4,70,608
2050,ev_cap_exo,4,70,608
2020,ev_cap_exo,5,50,831
2021,ev_cap_exo,5,50,831
2022,ev_cap_exo,5,50,831
2023,ev_cap_exo,5,50,831
2024,ev_cap_exo,5,50,831
2025,ev_cap_exo,5,50,831
2026,ev_cap_exo,5,50,831
2027,ev_cap_exo,5,50,831
2028,ev_cap_exo,5,50,831
2029,ev_cap_exo,5,50,831
2030,ev_cap_exo,5,50,831
2031,ev_cap_exo,5,50,831
2032,ev_cap_exo,5,50,831
2033,ev_cap_exo,5,50,831
2034,ev_cap_exo,5,50,831
2035,ev_cap_exo,5,50,831
2036,ev_cap_exo,5,50,831
2037,ev_cap_exo,5,50,831
2038,ev_cap_exo,5,50,831
2039,ev_cap_exo,5,50,831
2040,ev_cap_exo,5,50,831
2041,ev_cap_exo,5,50,831
2042,ev_cap_exo,5,50,831
2043,ev_cap_exo,5,50,831
2044,ev_cap_exo,5,50,831
2045,ev_cap_exo,5,50,831
2046,ev_cap_exo,5,50,831
2047,ev_cap_exo,5,50,831
2048,ev_cap_exo,5,50,831
2049,ev_cap_exo,5,50,831
2050,ev_cap_exo,5,50,831
2020,ev_cap_exo,5,51,287
2021,ev_cap_exo,5,51,287
2022,ev_cap_exo,5,51,287
2023,ev_cap_exo,5,51,287
2024,ev_cap_exo,5,51,287
2025,ev_cap_exo,5,51,287
2026,ev_cap_exo,5,51,287
2027,ev_cap_exo,5,51,287
2028,ev_cap_exo,5,51,287
2029,ev_cap_exo,5,51,287
2030,ev_cap_exo,5,51,287
2031,ev_cap_exo,5,51,287
2032,ev_cap_exo,5,51,287
2033,ev_cap_exo,5,51,287
2034,ev_cap_exo,5,51,287
2035,ev_cap_exo,5,51,287
2036,ev_cap_exo,5,51,287
2037,ev_cap_exo,5,51,287
2038,ev_cap_exo,5,51,287
2039,ev_cap_exo,5,51,287
2040,ev_cap_exo,5,51,287
2041,ev_cap_exo,5,51,287
2042,ev_cap_exo,5,51,287
2043,ev_cap_exo,5,51,287
2044,ev_cap_exo,5,51,287
2045,ev_cap_exo,5,51,287
2046,ev_cap_exo,5,51,287
2047,ev_cap_exo,5,51,287
2048,ev_cap_exo,5,51,287
2049,ev_cap_exo,5,51,287
2050,ev_cap_exo,5,51,287
2020,ev_cap_exo,5,52,0
2021,ev_cap_exo,5,52,0
2022,ev_cap_exo,5,52,0
2023,ev_cap_exo,5,52,0
2024,ev_cap_exo,5,52,0
2025,ev_cap_exo,5,52,0
2026,ev_cap_exo,5,52,0
2027,ev_cap_exo,5,52,0
2028,ev_cap_exo,5,52,0
2029,ev_cap_exo,5,52,0
2030,ev_cap_exo,5,52,0
2031,ev_cap_exo,5,52,0
2032,ev_cap_exo,5,52,0
2033,ev_cap_exo,5,52,0
2034,ev_cap_exo,5,52,0
2035,ev_cap_exo,5,52,0
2036,ev_cap_exo,5,52,0
2037,ev_cap_exo,5,52,0
2038,ev_cap_exo,5,52,0
2039,ev_cap_exo,5,52,0
2040,ev_cap_exo,5,52,0
2041,ev_cap_exo,5,52,0
2042,ev_cap_exo,5,52,0
2043,ev_cap_exo,5,52,0
2044,ev_cap_exo,5,52,0
2045,ev_cap_exo,5,52,0
2046,ev_cap_exo,5,52,0
2047,ev_cap_exo,5,52,0
2048,ev_cap_exo,5,52,0
2049,ev_cap_exo,5,52,0
2050,ev_cap_exo,5,52,0
2020,ev_cap_exo,5,53,25
2021,ev_cap_exo,5,53,25
2022,ev_cap_exo,5,53,25
2023,ev_cap_exo,5,53,25
2024,ev_cap_exo,5,53,25
2025,ev_cap_exo,5,53,25
2026,ev_cap_exo,5,53,25
2027,ev_cap_exo,5,53,25
2028,ev_cap_exo,5,53,25
2029,ev_cap_exo,5,53,25
2030,ev_cap_exo,5,53,25
2031,ev_cap_exo,5,53,25
2032,ev_cap_exo,5,53,25
2033,ev_cap_exo,5,53,25
2034,ev_cap_exo,5,53,25
2035,ev_cap_exo,5,53,25
2036,ev_cap_exo,5,53,25
2037,ev_cap_exo,5,53,25
2038,ev_cap_exo,5,53,25
2039,ev_cap_exo,5,53,25
2040,ev_cap_exo,5,53,25
2041,ev_cap_exo,5,53,25
2042,ev_cap_exo,5,53,25
2043,ev_cap_exo,5,53,25
2044,ev_cap_exo,5,53,25
2045,ev_cap_exo,5,53,25
2046,ev_cap_exo,5,53,25
2047,ev_cap_exo,5,53,25
2048,ev_cap_exo,5,53,25
2049,ev_cap_exo,5,53,25
2050,ev_cap_exo,5,53,25
2020,ev_cap_exo,5,60,24
2021,ev_cap_exo,5,60,24
2022,ev_cap_exo,5,60,24
2023,ev_cap_exo,5,60,24
2024,ev_cap_exo,5,60,24
2025,ev_cap_exo,5,60,24
2026,ev_cap_exo,5,60,24
2027,ev_cap_exo,5,60,24
2028,ev_cap_exo,5,60,24
2029,ev_cap_exo,5,60,24
2030,ev_cap_exo,5,60,24
2031,ev_cap_exo,5,60,24
2032,ev_cap_exo,5,60,24
2033,ev_cap_exo,5,60,24
2034,ev_cap_exo,5,60,24
2035,ev_cap_exo,5,60,24
2036,ev_cap_exo,5,60,24
2037,ev_cap_exo,5,60,24
2038,ev_cap_exo,5,60,24
2039,ev_cap_exo,5,60,24
2040,ev_cap_exo,5,60,24
2041,ev_cap_exo,5,60,24
2042,ev_cap_exo,5,60,24
2043,ev_cap_exo,5,60,24
2044,ev_cap_exo,5,60,24
2045,ev_cap_exo,5,60,24
2046,ev_cap_exo,5,60,24
2047,ev_cap_exo,5,60,24
2048,ev_cap_exo,5,60,24
2049,ev_cap_exo,5,60,24
2050,ev_cap_exo,5,60,24
2020,ev_cap_exo,5,61,0
2021,ev_cap_exo,5,61,0
2022,ev_cap_exo,5,61,0
2023,ev_cap_exo,5,61,0
2024,ev_cap_exo,5,61,0
2025,ev_cap_exo,5,61,0
2026,ev_cap_exo,5,61,0
2027,ev_cap_exo,5,61,0
2028,ev_cap_exo,5,61,0
2029,ev_cap_exo,5,61,0
2030,ev_cap_exo,5,61,0
2031,ev_cap_exo,5,61,0
2032,ev_cap_exo,5,61,0
2033,ev_cap_exo,5,61,0
2034,ev_cap_exo,5,61,0
2035,ev_cap_exo,5,61,0
2036,ev_cap_exo,5,61,0
2037,ev_cap_exo,5,61,0
2038,ev_cap_exo,5,61,0
2039,ev_cap_exo,5,61,0
2040,ev_cap_exo,5,61,0
2041,ev_cap_exo,5,61,0
2042,ev_cap_exo,5,61,0
2043,ev_cap_exo,5,61,0
2044,ev_cap_exo,5,61,0
2045,ev_cap_exo,5,61,0
2046,ev_cap_exo,5,61,0
2047,ev_cap_exo,5,61,0
2048,ev_cap_exo,5,61,0
2049,ev_cap_exo,5,61,0
2050,ev_cap_exo,5,61,0
2020,ev_cap_exo,5,70,61
2021,ev_cap_exo,5,70,61
2022,ev_cap_exo,5,70,61
2023,ev_cap_exo,5,70,61
2024,ev_cap_exo,5,70,61
2025,ev_cap_exo,5,70,61
2026,ev_cap_exo,5,70,61
2027,ev_cap_exo,5,70,61
2028,ev_cap_exo,5,70,61
2029,ev_cap_exo,5,70,61
2030,ev_cap_exo,5,70,61
2031,ev_cap_exo,5,70,61
2032,ev_cap_exo,5,70,61
2033,ev_cap_exo,5,70,61
2034,ev_cap_exo,5,70,61
2035,ev_cap_exo,5,70,61
2036,ev_cap_exo,5,70,61
2037,ev_cap_exo,5,70,61
2038,ev_cap_exo,5,70,61
2039,ev_cap_exo,5,70,61
2040,ev_cap_exo,5,70,61
2041,ev_cap_exo,5,70,61
2042,ev_cap_exo,5,70,61
2043,ev_cap_exo,5,70,61
2044,ev_cap_exo,5,70,61
2045,ev_cap_exo,5,70,61
2046,ev_cap_exo,5,70,61
2047,ev_cap_exo,5,70,61
2048,ev_cap_exo,5,70,61
2049,ev_cap_exo,5,70,61
2050,ev_cap_exo,5,70,61
2020,ev_cap_exo,6,50,939
2021,ev_cap_exo,6,50,939
2022,ev_cap_exo,6,50,939
2023,ev_cap_exo,6,50,939
2024,ev_cap_exo,6,50,939
2025,ev_cap_exo,6,50,939
2026,ev_cap_exo,6,50,939
2027,ev_cap_exo,6,50,939
2028,ev_cap_exo,6,50,939
2029,ev_cap_exo,6,50,939
2030,ev_cap_exo,6,50,939
2031,ev_cap_exo,6,50,939
2032,ev_cap_exo,6,50,939
2033,ev_cap_exo,6,50,939
2034,ev_cap_exo,6,50,939
2035,ev_cap_exo,6,50,939
2036,ev_cap_exo,6,50,939
2037,ev_cap_exo,6,50,939
2038,ev_cap_exo,6,50,939
2039,ev_cap_exo,6,50,939
2040,ev_cap_exo,6,50,939
2041,ev_cap_exo,6,50,939
2042,ev_cap_exo,6,50,939
2043,ev_cap_exo,6,50,939
2044,ev_cap_exo,6,50,939
2045,ev_cap_exo,6,50,939
2046,ev_cap_exo,6,50,939
2047,ev_cap_exo,6,50,939
2048,ev_cap_exo,6,50,939
2049,ev_cap_exo,6,50,939
2050,ev_cap_exo,6,50,939
2020,ev_cap_exo,6,51,324
2021,ev_cap_exo,6,51,324
2022,ev_cap_exo,6,51,324
2023,ev_cap_exo,6,51,324
2024,ev_cap_exo,6,51,324
2025,ev_cap_exo,6,51,324
2026,ev_cap_exo,6,51,324
2027,ev_cap_exo,6,51,324
2028,ev_cap_exo,6,51,324
2029,ev_cap_exo,6,51,324
2030,ev_cap_exo,6,51,324
2031,ev_cap_exo,6,51,324
2032,ev_cap_exo,6,51,324
2033,ev_cap_exo,6,51,324
2034,ev_cap_exo,6,51,324
2035,ev_cap_exo,6,51,324
2036,ev_cap_exo,6,51,324
2037,ev_cap_exo,6,51,324
2038,ev_cap_exo,6,51,324
2039,ev_cap_exo,6,51,324
2040,ev_cap_exo,6,51,324
2041,ev_cap_exo,6,51,324
2042,ev_cap_exo,6,51,324
2043,ev_cap_exo,6,51,324
2044,ev_cap_exo,6,51,324
2045,ev_cap_exo,6,51,324
2046,ev_cap_exo,6,51,324
2047,ev_cap_exo,6,51,324
2048,ev_cap_exo,6,51,324
2049,ev_cap_exo,6,51,324
2050,ev_cap_exo,6,51,324
2020,ev_cap_exo,6,52,0
2021,ev_cap_exo,6,52,0
2022,ev_cap_exo,6,52,0
2023,ev_cap_exo,6,52,0
2024,ev_cap_exo,6,52,0
2025,ev_cap_exo,6,52,0
2026,ev_cap_exo,6,52,0
2027,ev_cap_exo,6,52,0
2028,ev_cap_exo,6,52,0
2029,ev_cap_exo,6,52,0
2030,ev_cap_exo,6,52,0
2031,ev_cap_exo,6,52,0
2032,ev_cap_exo,6,52,0
2033,ev_cap_exo,6,52,0
2034,ev_cap_exo,6,52,0
2035,ev_cap_exo,6,52,0
2036,ev_cap_exo,6,52,0
2037,ev_cap_exo,6,52,0
2038,ev_cap_exo,6,52,0
2039,ev_cap_exo,6,52,0
2040,ev_cap_exo,6,52,0
2041,ev_cap_exo,6,52,0
2042,ev_cap_exo,6,52,0
2043,ev_cap_exo,6,52,0
2044,ev_cap_exo,6,52,0
2045,ev_cap_exo,6,52,0
2046,ev_cap_exo,6,52,0
2047,ev_cap_exo,6,52,0
2048,ev_cap_exo,6,52,0
2049,ev_cap_exo,6,52,0
2050,ev_cap_exo,6,52,0
2020,ev_cap_exo,6,53,28
2021,ev_cap_exo,6,53,28
2022,ev_cap_exo,6,53,28
2023,ev_cap_exo,6,53,28
2024,ev_cap_exo,6,53,28
2025,ev_cap_exo,6,53,28
2026,ev_cap_exo,6,53,28
2027,ev_cap_exo,6,53,28
2028,ev_cap_exo,6,53,28
2029,ev_cap_exo,6,53,28
2030,ev_cap_exo,6,53,28
2031,ev_cap_exo,6,53,28
2032,ev_cap_exo,6,53,28
2033,ev_cap_exo,6,53,28
2034,ev_cap_exo,6,53,28
2035,ev_cap_exo,6,53,28
2036,ev_cap_exo,6,53,28
2037,ev_cap_exo,6,53,28
2038,ev_cap_exo,6,53,28
2039,ev_cap_exo,6,53,28
2040,ev_cap_exo,6,53,28
2041,ev_cap_exo,6,53,28
2042,ev_cap_exo,6,53,28
2043,ev_cap_exo,6,53,28
2044,ev_cap_exo,6,53,28
2045,ev_cap_exo,6,53,28
2046,ev_cap_exo,6,53,28
2047,ev_cap_exo,6,53,28
2048,ev_cap_exo,6,53,28
2049,ev_cap_exo,6,53,28
2050,ev_cap_exo,6,53,28
2020,ev_cap_exo,6,60,27
2021,ev_cap_exo,6,60,27
2022,ev_cap_exo,6,60,27
2023,ev_cap_exo,6,60,27
2024,ev_cap_exo,6,60,27
2025,ev_cap_exo,6,60,27
2026,ev_cap_exo,6,60,27
2027,ev_cap_exo,6,60,27
2028,ev_cap_exo,6,60,27
2029,ev_cap_exo,6,60,27
2030,ev_cap_exo,6,60,27
2031,ev_cap_exo,6,60,27
2032,ev_cap_exo,6,60,27
2033,ev_cap_exo,6,60,27
2034,ev_cap_exo,6,60,27
2035,ev_cap_exo,6,60,27
2036,ev_cap_exo,6,60,27
2037,ev_cap_exo,6,60,27
2038,ev_cap_exo,6,60,27
2039,ev_cap_exo,6,60,27
2040,ev_cap_exo,6,60,27
2041,ev_cap_exo,6,60,27
2042,ev_cap_exo,6,60,27
2043,ev_cap_exo,6,60,27
2044,ev_cap_exo,6,60,27
2045,ev_cap_exo,6,60,27
2046,ev_cap_exo,6,60,27
2047,ev_cap_exo,6,60,27
2048,ev_cap_exo,6,60,27
2049,ev_cap_exo,6,60,27
2050,ev_cap_exo,6,60,27
2020,ev_cap_exo,6,61,0
2021,ev_cap_exo,6,61,0
2022,ev_cap_exo,6,61,0
2023,ev_cap_exo,6,61,0
2024,ev_cap_exo,6,61,0
2025,ev_cap_exo,6,61,0
2026,ev_cap_exo,6,61,0
2027,ev_cap_exo,6,61,0
2028,ev_cap_exo,6,61,0
2029,ev_cap_exo,6,61,0
2030,ev_cap_exo,6,61,0
2031,ev_cap_exo,6,61,0
2032,ev_cap_exo,6,61,0
2033,ev_cap_exo,6,61,0
2034,ev_cap_exo,6,61,0
2035,ev_cap_exo,6,61,0
2036,ev_cap_exo,6,61,0
2037,ev_cap_exo,6,61,0
2038,ev_cap_exo,6,61,0
2039,ev_cap_exo,6,61,0
2040,ev_cap_exo,6,61,0
2041,ev_cap_exo,6,61,0
2042,ev_cap_exo,6,61,0
2043,ev_cap_exo,6,61,0
2044,ev_cap_exo,6,61,0
2045,ev_cap_exo,6,61,0
2046,ev_cap_exo,6,61,0
2047,ev_cap_exo,6,61,0
2048,ev_cap_exo,6,61,0
2049,ev_cap_exo,6,61,0
2050,ev_cap_exo,6,61,0
2020,ev_cap_exo,6,70,69
2021,ev_cap_exo,6,70,69
2022,ev_cap_exo,6,70,69
2023,ev_cap_exo,6,70,69
2024,ev_cap_exo,6,70,69
2025,ev_cap_exo,6,70,69
2026,ev_cap_exo,6,70,69
2027,ev_cap_exo,6,70,69
2028,ev_cap_exo,6,70,69
2029,ev_cap_exo,6,70,69
2030,ev_cap_exo,6,70,69
2031,ev_cap_exo,6,70,69
2032,ev_cap_exo,6,70,69
2033,ev_cap_exo,6,70,69
2034,ev_cap_exo,6,70,69
2035,ev_cap_exo,6,70,69
2036,ev_cap_exo,6,70,69
2037,ev_cap_exo,6,70,69
2038,ev_cap_exo,6,70,69
2039,ev_cap_exo,6,70,69
2040,ev_cap_exo,6,70,69
2041,ev_cap_exo,6,70,69
2042,ev_cap_exo,6,70,69
2043,ev_cap_exo,6,70,69
2044,ev_cap_exo,6,70,69
2045,ev_cap_exo,6,70,69
2046,ev_cap_exo,6,70,69
2047,ev_cap_exo,6,70,69
2048,ev_cap_exo,6,70,69
2049,ev_cap_exo,6,70,69
2050,ev_cap_exo,6,70,69
2020,ev_cap_exo,7,50,10984
2021,ev_cap_exo,7,50,10984
2022,ev_cap_exo,7,50,10984
2023,ev_cap_exo,7,50,10984
2024,ev_cap_exo,7,50,10984
2025,ev_cap_exo,7,50,10984
2026,ev_cap_exo,7,50,10984
2027,ev_cap_exo,7,50,10984
2028,ev_cap_exo,7,50,10984
2029,ev_cap_exo,7,50,10984
2030,ev_cap_exo,7,50,10984
2031,ev_cap_exo,7,50,10984
2032,ev_cap_exo,7,50,10984
2033,ev_cap_exo,7,50,10984
2034,ev_cap_exo,7,50,10984
2035,ev_cap_exo,7,50,10984
2036,ev_cap_exo,7,50,10984
2037,ev_cap_exo,7,50,10984
2038,ev_cap_exo,7,50,10984
2039,ev_cap_exo,7,50,10984
2040,ev_cap_exo,7,50,10984
2041,ev_cap_exo,7,50,10984
2042,ev_cap_exo,7,50,10984
2043,ev_cap_exo,7,50,10984
2044,ev_cap_exo,7,50,10984
2045,ev_cap_exo,7,50,10984
2046,ev_cap_exo,7,50,10984
2047,ev_cap_exo,7,50,10984
2048,ev_cap_exo,7,50,10984
2049,ev_cap_exo,7,50,10984
2050,ev_cap_exo,7,50,10984
2020,ev_cap_exo,7,51,3800
2021,ev_cap_exo,7,51,3800
2022,ev_cap_exo,7,51,3800
2023,ev_cap_exo,7,51,3800
2024,ev_cap_exo,7,51,3800
2025,ev_cap_exo,7,51,3800
2026,ev_cap_exo,7,51,3800
2027,ev_cap_exo,7,51,3800
2028,ev_cap_exo,7,51,3800
2029,ev_cap_exo,7,51,3800
2030,ev_cap_exo,7,51,3800
2031,ev_cap_exo,7,51,3800
2032,ev_cap_exo,7,51,3800
2033,ev_cap_exo,7,51,3800
2034,ev_cap_exo,7,51,3800
2035,ev_cap_exo,7,51,3800
2036,ev_cap_exo,7,51,3800
2037,ev_cap_exo,7,51,3800
2038,ev_cap_exo,7,51,3800
2039,ev_cap_exo,7,51,3800
2040,ev_cap_exo,7,51,3800
2041,ev_cap_exo,7,51,3800
2042,ev_cap_exo,7,51,3800
2043,ev_cap_exo,7,51,3800
2044,ev_cap_exo,7,51,3800
2045,ev_cap_exo,7,51,3800
2046,ev_cap_exo,7,51,3800
2047,ev_cap_exo,7,51,3800
2048,ev_cap_exo,7,51,3800
2049,ev_cap_exo,7,51,3800
2050,ev_cap_exo,7,51,3800
2020,ev_cap_exo,7,52,27
2021,ev_cap_exo,7,52,27
2022,ev_cap_exo,7,52,27
2023,ev_cap_exo,7,52,27
2024,ev_cap_exo,7,52,27
2025,ev_cap_exo,7,52,27
2026,ev_cap_exo,7,52,27
2027,ev_cap_exo,7,52,27
2028,ev_cap_exo,7,52,27
2029,ev_cap_exo,7,52,27
2030,ev_cap_exo,7,52,27
2031,ev_cap_exo,7,52,27
2032,ev_cap_exo,7,52,27
2033,ev_cap_exo,7,52,27
2034,ev_cap_exo,7,52,27
2035,ev_cap_exo,7,52,27
2036,ev_cap_exo,7,52,27
2037,ev_cap_exo,7,52,27
2038,ev_cap_exo,7,52,27
2039,ev_cap_exo,7,52,27
2040,ev_cap_exo,7,52,27
2041,ev_cap_exo,7,52,27
2042,ev_cap_exo,7,52,27
2043,ev_cap_exo,7,52,27
2044,ev_cap_exo,7,52,27
2045,ev_cap_exo,7,52,27
2046,ev_cap_exo,7,52,27
2047,ev_cap_exo,7,52,27
2048,ev_cap_exo,7,52,27
2049,ev_cap_exo,7,52,27
2050,ev_cap_exo,7,52,27
2020,ev_cap_exo,7,53,327
2021,ev_cap_exo,7,53,327
2022,ev_cap_exo,7,53,327
2023,ev_cap_exo,7,53,327
2024,ev_cap_exo,7,53,327
2025,ev_cap_exo,7,53,327
2026,ev_cap_exo,7,53,327
2027,ev_cap_exo,7,53,327
2028,ev_cap_exo,7,53,327
2029,ev_cap_exo,7,53,327
2030,ev_cap_exo,7,53,327
2031,ev_cap_exo,7,53,327
2032,ev_cap_exo,7,53,327
2033,ev_cap_exo,7,53,327
2034,ev_cap_exo,7,53,327
2035,ev_cap_exo,7,53,327
2036,ev_cap_exo,7,53,327
2037,ev_cap_exo,7,53,327
2038,ev_cap_exo,7,53,327
2039,ev_cap_exo,7,53,327
2040,ev_cap_exo,7,53,327
2041,ev_cap_exo,7,53,327
2042,ev_cap_exo,7,53,327
2043,ev_cap_exo,7,53,327
2044,ev_cap_exo,7,53,327
2045,ev_cap_exo,7,53,327
2046,ev_cap_exo,7,53,327
2047,ev_cap_exo,7,53,327
2048,ev_cap_exo,7,53,327
2049,ev_cap_exo,7,53,327
2050,ev_cap_exo,7,53,327
2020,ev_cap_exo,7,60,315
2021,ev_cap_exo,7,60,315
2022,ev_cap_exo,7,60,315
2023,ev_cap_exo,7,60,315
2024,ev_cap_exo,7,60,315
2025,ev_cap_exo,7,60,315
2026,ev_cap_exo,7,60,315
2027,ev_cap_exo,7,60,315
2028,ev_cap_exo,7,60,315
2029,ev_cap_exo,7,60,315
2030,ev_cap_exo,7,60,315
2031,ev_cap_exo,7,60,315
2032,ev_cap_exo,7,60,315
2033,ev_cap_exo,7,60,315
2034,ev_cap_exo,7,60,315
2035,ev_cap_exo,7,60,315
2036,ev_cap_exo,7,60,315
2037,ev_cap_exo,7,60,315
2038,ev_cap_exo,7,60,315
2039,ev_cap_exo,7,60,315
2040,ev_cap_exo,7,60,315
2041,ev_cap_exo,7,60,315
2042,ev_cap_exo,7,60,315
2043,ev_cap_exo,7,60,315
2044,ev_cap_exo,7,60,315
2045,ev_cap_exo,7,60,315
2046,ev_cap_exo,7,60,315
2047,ev_cap_exo,7,60,315
2048,ev_cap_exo,7,60,315
2049,ev_cap_exo,7,60,315
2050,ev_cap_exo,7,60,315
2020,ev_cap_exo,7,61,1
2021,ev_cap_exo,7,61,1
2022,ev_cap_exo,7,61,1
2023,ev_cap_exo,7,61,1
2024,ev_cap_exo,7,61,1
2025,ev_cap_exo,7,61,1
2026,ev_cap_exo,7,61,1
2027,ev_cap_exo,7,61,1
2028,ev_cap_exo,7,61,1
2029,ev_cap_exo,7,61,1
2030,ev_cap_exo,7,61,1
2031,ev_cap_exo,7,61,1
2032,ev_cap_exo,7,61,1
2033,ev_cap_exo,7,61,1
2034,ev_cap_exo,7,61,1
2035,ev_cap_exo,7,61,1
2036,ev_cap_exo,7,61,1
2037,ev_cap_exo,7,61,1
2038,ev_cap_exo,7,61,1
2039,ev_cap_exo,7,61,1
2040,ev_cap_exo,7,61,1
2041,ev_cap_exo,7,61,1
2042,ev_cap_exo,7,61,1
2043,ev_cap_exo,7,61,1
2044,ev_cap_exo,7,61,1
2045,ev_cap_exo,7,61,1
2046,ev_cap_exo,7,61,1
2047,ev_cap_exo,7,61,1
2048,ev_cap_exo,7,61,1
2049,ev_cap_exo,7,61,1
2050,ev_cap_exo,7,61,1
2020,ev_cap_exo,7,70,812
2021,ev_cap_exo,7,70,812
2022,ev_cap_exo,7,70,812
2023,ev_cap_exo,7,70,812
2024,ev_cap_exo,7,70,812
2025,ev_cap_exo,7,70,812
2026,ev_cap_exo,7,70,812
2027,ev_cap_exo,7,70,812
2028,ev_cap_exo,7,70,812
2029,ev_cap_exo,7,70,812
2030,ev_cap_exo,7,70,812
2031,ev_cap_exo,7,70,812
2032,ev_cap_exo,7,70,812
2033,ev_cap_exo,7,70,812
2034,ev_cap_exo,7,70,812
2035,ev_cap_exo,7,70,812
2036,ev_cap_exo,7,70,812
2037,ev_cap_exo,7,70,812
2038,ev_cap_exo,7,70,812
2039,ev_cap_exo,7,70,812
2040,ev_cap_exo,7,70,812
2041,ev_cap_exo,7,70,812
2042,ev_cap_exo,7,70,812
2043,ev_cap_exo,7,70,812
2044,ev_cap_exo,7,70,812
2045,ev_cap_exo,7,70,812
2046,ev_cap_exo,7,70,812
2047,ev_cap_exo,7,70,812
2048,ev_cap_exo,7,70,812
2049,ev_cap_exo,7,70,812
2050,ev_cap_exo,7,70,812
2020,ev_cap_exo,8,50,944
2021,ev_cap_exo,8,50,944
2022,ev_cap_exo,8,50,944
2023,ev_cap_exo,8,50,944
2024,ev_cap_exo,8,50,944
2025,ev_cap_exo,8,50,944
2026,ev_cap_exo,8,50,944
2027,ev_cap_exo,8,50,944
2028,ev_cap_exo,8,50,944
2029,ev_cap_exo,8,50,944
2030,ev_cap_exo,8,50,944
2031,ev_cap_exo,8,50,944
2032,ev_cap_exo,8,50,944
2033,ev_cap_exo,8,50,944
2034,ev_cap_exo,8,50,944
2035,ev_cap_exo,8,50,944
2036,ev_cap_exo,8,50,944
2037,ev_cap_exo,8,50,944
2038,ev_cap_exo,8,50,944
2039,ev_cap_exo,8,50,944
2040,ev_cap_exo,8,50,944
2041,ev_cap_exo,8,50,944
2042,ev_cap_exo,8,50,944
2043,ev_cap_exo,8,50,944
2044,ev_cap_exo,8,50,944
2045,ev_cap_exo,8,50,944
2046,ev_cap_exo,8,50,944
2047,ev_cap_exo,8,50,944
2048,ev_cap_exo,8,50,944
2049,ev_cap_exo,8,50,944
2050,ev_cap_exo,8,50,944
2020,ev_cap_exo,8,51,326
2021,ev_cap_exo,8,51,326
2022,ev_cap_exo,8,51,326
2023,ev_cap_exo,8,51,326
2024,ev_cap_exo,8,51,326
2025,ev_cap_exo,8,51,326
2026,ev_cap_exo,8,51,326
2027,ev_cap_exo,8,51,326
2028,ev_cap_exo,8,51,326
2029,ev_cap_exo,8,51,326
2030,ev_cap_exo,8,51,326
2031,ev_cap_exo,8,51,326
2032,ev_cap_exo,8,51,326
2033,ev_cap_exo,8,51,326
2034,ev_cap_exo,8,51,326
2035,ev_cap_exo,8,51,326
2036,ev_cap_exo,8,51,326
2037,ev_cap_exo,8,51,326
2038,ev_cap_exo,8,51,326
2039,ev_cap_exo,8,51,326
2040,ev_cap_exo,8,51,326
2041,ev_cap_exo,8,51,326
2042,ev_cap_exo,8,51,326
2043,ev_cap_exo,8,51,326
2044,ev_cap_exo,8,51,326
2045,ev_cap_exo,8,51,326
2046,ev_cap_exo,8,51,326
2047,ev_cap_exo,8,51,326
2048,ev_cap_exo,8,51,326
2049,ev_cap_exo,8,51,326
2050,ev_cap_exo,8,51,326
2020,ev_cap_exo,8,52,0
2021,ev_cap_exo,8,52,0
2022,ev_cap_exo,8,52,0
2023,ev_cap_exo,8,52,0
2024,ev_cap_exo,8,52,0
2025,ev_cap_exo,8,52,0
2026,ev_cap_exo,8,52,0
2027,ev_cap_exo,8,52,0
2028,ev_cap_exo,8,52,0
2029,ev_cap_exo,8,52,0
2030,ev_cap_exo,8,52,0
2031,ev_cap_exo,8,52,0
2032,ev_cap_exo,8,52,0
2033,ev_cap_exo,8,52,0
2034,ev_cap_exo,8,52,0
2035,ev_cap_exo,8,52,0
2036,ev_cap_exo,8,52,0
2037,ev_cap_exo,8,52,0
2038,ev_cap_exo,8,52,0
2039,ev_cap_exo,8,52,0
2040,ev_cap_exo,8,52,0
2041,ev_cap_exo,8,52,0
2042,ev_cap_exo,8,52,0
2043,ev_cap_exo,8,52,0
2044,ev_cap_exo,8,52,0
2045,ev_cap_exo,8,52,0
2046,ev_cap_exo,8,52,0
2047,ev_cap_exo,8,52,0
2048,ev_cap_exo,8,52,0
2049,ev_cap_exo,8,52,0
2050,ev_cap_exo,8,52,0
2020,ev_cap_exo,8,53,28
2021,ev_cap_exo,8,53,28
2022,ev_cap_exo,8,53,28
2023,ev_cap_exo,8,53,28
2024,ev_cap_exo,8,53,28
2025,ev_cap_exo,8,53,28
2026,ev_cap_exo,8,53,28
2027,ev_cap_exo,8,53,28
2028,ev_cap_exo,8,53,28
2029,ev_cap_exo,8,53,28
2030,ev_cap_exo,8,53,28
2031,ev_cap_exo,8,53,28
2032,ev_cap_exo,8,53,28
2033,ev_cap_exo,8,53,28
2034,ev_cap_exo,8,53,28
2035,ev_cap_exo,8,53,28
2036,ev_cap_exo,8,53,28
2037,ev_cap_exo,8,53,28
2038,ev_cap_exo,8,53,28
2039,ev_cap_exo,8,53,28
2040,ev_cap_exo,8,53,28
2041,ev_cap_exo,8,53,28
2042,ev_cap_exo,8,53,28
2043,ev_cap_exo,8,53,28
2044,ev_cap_exo,8,53,28
2045,ev_cap_exo,8,53,28
2046,ev_cap_exo,8,53,28
2047,ev_cap_exo,8,53,28
2048,ev_cap_exo,8,53,28
2049,ev_cap_exo,8,53,28
2050,ev_cap_exo,8,53,28
2020,ev_cap_exo,8,60,27
2021,ev_cap_exo,8,60,27
2022,ev_cap_exo,8,60,27
2023,ev_cap_exo,8,60,27
2024,ev_cap_exo,8,60,27
2025,ev_cap_exo,8,60,27
2026,ev_cap_exo,8,60,27
2027,ev_cap_exo,8,60,27
2028,ev_cap_exo,8,60,27
2029,ev_cap_exo,8,60,27
2030,ev_cap_exo,8,60,27
2031,ev_cap_exo,8,60,27
2032,ev_cap_exo,8,60,27
2033,ev_cap_exo,8,60,27
2034,ev_cap_exo,8,60,27
2035,ev_cap_exo,8,60,27
2036,ev_cap_exo,8,60,27
2037,ev_cap_exo,8,60,27
2038,ev_cap_exo,8,60,27
2039,ev_cap_exo,8,60,27
2040,ev_cap_exo,8,60,27
2041,ev_cap_exo,8,60,27
2042,ev_cap_exo,8,60,27
2043,ev_cap_exo,8,60,27
2044,ev_cap_exo,8,60,27
2045,ev_cap_exo,8,60,27
2046,ev_cap_exo,8,60,27
2047,ev_cap_exo,8,60,27
2048,ev_cap_exo,8,60,27
2049,ev_cap_exo,8,60,27
2050,ev_cap_exo,8,60,27
2020,ev_cap_exo,8,61,0
2021,ev_cap_exo,8,61,0
2022,ev_cap_exo,8,61,0
2023,ev_cap_exo,8,61,0
2024,ev_cap_exo,8,61,0
2025,ev_cap_exo,8,61,0
2026,ev_cap_exo,8,61,0
2027,ev_cap_exo,8,61,0
2028,ev_cap_exo,8,61,0
2029,ev_cap_exo,8,61,0
2030,ev_cap_exo,8,61,0
2031,ev_cap_exo,8,61,0
2032,ev_cap_exo,8,61,0
2033,ev_cap_exo,8,61,0
2034,ev_cap_exo,8,61,0
2035,ev_cap_exo,8,61,0
2036,ev_cap_exo,8,61,0
2037,ev_cap_exo,8,61,0
2038,ev_cap_exo,8,61,0
2039,ev_cap_exo,8,61,0
2040,ev_cap_exo,8,61,0
2041,ev_cap_exo,8,61,0
2042,ev_cap_exo,8,61,0
2043,ev_cap_exo,8,61,0
2044,ev_cap_exo,8,61,0
2045,ev_cap_exo,8,61,0
2046,ev_cap_exo,8,61,0
2047,ev_cap_exo,8,61,0
2048,ev_cap_exo,8,61,0
2049,ev_cap_exo,8,61,0
2050,ev_cap_exo,8,61,0
2020,ev_cap_exo,8,70,70
2021,ev_cap_exo,8,70,70
2022,ev_cap_exo,8,70,70
2023,ev_cap_exo,8,70,70
2024,ev_cap_exo,8,70,70
2025,ev_cap_exo,8,70,70
2026,ev_cap_exo,8,70,70
2027,ev_cap_exo,8,70,70
2028,ev_cap_exo,8,70,70
2029,ev_cap_exo,8,70,70
2030,ev_cap_exo,8,70,70
2031,ev_cap_exo,8,70,70
2032,ev_cap_exo,8,70,70
2033,ev_cap_exo,8,70,70
2034,ev_cap_exo,8,70,70
2035,ev_cap_exo,8,70,70
2036,ev_cap_exo,8,70,70
2037,ev_cap_exo,8,70,70
2038,ev_cap_exo,8,70,70
2039,ev_cap_exo,8,70,70
2040,ev_cap_exo,8,70,70
2041,ev_cap_exo,8,70,70
2042,ev_cap_exo,8,70,70
2043,ev_cap_exo,8,70,70
2044,ev_cap_exo,8,70,70
2045,ev_cap_exo,8,70,70
2046,ev_cap_exo,8,70,70
2047,ev_cap_exo,8,70,70
2048,ev_cap_exo,8,70,70
2049,ev_cap_exo,8,70,70
2050,ev_cap_exo,8,70,70
2020,ev_cap_exo,9,50,511
2021,ev_cap_exo,9,50,511
2022,ev_cap_exo,9,50,511
2023,ev_cap_exo,9,50,511
2024,ev_cap_exo,9,50,511
2025,ev_cap_exo,9,50,511
2026,ev_cap_exo,9,50,511
2027,ev_cap_exo,9,50,511
2028,ev_cap_exo,9,50,511
2029,ev_cap_exo,9,50,511
2030,ev_cap_exo,9,50,511
2031,ev_cap_exo,9,50,511
2032,ev_cap_exo,9,50,511
2033,ev_cap_exo,9,50,511
2034,ev_cap_exo,9,50,511
2035,ev_cap_exo,9,50,511
2036,ev_cap_exo,9,50,511
2037,ev_cap_exo,9,50,511
2038,ev_cap_exo,9,50,511
2039,ev_cap_exo,9,50,511
2040,ev_cap_exo,9,50,511
2041,ev_cap_exo,9,50,511
2042,ev_cap_exo,9,50,511
2043,ev_cap_exo,9,50,511
2044,ev_cap_exo,9,50,511
2045,ev_cap_exo,9,50,511
2046,ev_cap_exo,9,50,511
2047,ev_cap_exo,9,50,511
2048,ev_cap_exo,9,50,511
2049,ev_cap_exo,9,50,511
2050,ev_cap_exo,9,50,511
2020,ev_cap_exo,9,51,159
2021,ev_cap_exo,9,51,159
2022,ev_cap_exo,9,51,159
2023,ev_cap_exo,9,51,159
2024,ev_cap_exo,9,51,159
2025,ev_cap_exo,9,51,159
2026,ev_cap_exo,9,51,159
2027,ev_cap_exo,9,51,159
2028,ev_cap_exo,9,51,159
2029,ev_cap_exo,9,51,159
2030,ev_cap_exo,9,51,159
2031,ev_cap_exo,9,51,159
2032,ev_cap_exo,9,51,159
2033,ev_cap_exo,9,51,159
2034,ev_cap_exo,9,51,159
2035,ev_cap_exo,9,51,159
2036,ev_cap_exo,9,51,159
2037,ev_cap_exo,9,51,159
2038,ev_cap_exo,9,51,159
2039,ev_cap_exo,9,51,159
2040,ev_cap_exo,9,51,159
2041,ev_cap_exo,9,51,159
2042,ev_cap_exo,9,51,159
2043,ev_cap_exo,9,51,159
2044,ev_cap_exo,9,51,159
2045,ev_cap_exo,9,51,159
2046,ev_cap_exo,9,51,159
2047,ev_cap_exo,9,51,159
2048,ev_cap_exo,9,51,159
2049,ev_cap_exo,9,51,159
2050,ev_cap_exo,9,51,159
2020,ev_cap_exo,9,52,0
2021,ev_cap_exo,9,52,0
2022,ev_cap_exo,9,52,0
2023,ev_cap_exo,9,52,0
2024,ev_cap_exo,9,52,0
2025,ev_cap_exo,9,52,0
2026,ev_cap_exo,9,52,0
2027,ev_cap_exo,9,52,0
2028,ev_cap_exo,9,52,0
2029,ev_cap_exo,9,52,0
2030,ev_cap_exo,9,52,0
2031,ev_cap_exo,9,52,0
2032,ev_cap_exo,9,52,0
2033,ev_cap_exo,9,52,0
2034,ev_cap_exo,9,52,0
2035,ev_cap_exo,9,52,0
2036,ev_cap_exo,9,52,0
2037,ev_cap_exo,9,52,0
2038,ev_cap_exo,9,52,0
2039,ev_cap_exo,9,52,0
2040,ev_cap_exo,9,52,0
2041,ev_cap_exo,9,52,0
2042,ev_cap_exo,9,52,0
2043,ev_cap_exo,9,52,0
2044,ev_cap_exo,9,52,0
2045,ev_cap_exo,9,52,0
2046,ev_cap_exo,9,52,0
2047,ev_cap_exo,9,52,0
2048,ev_cap_exo,9,52,0
2049,ev_cap_exo,9,52,0
2050,ev_cap_exo,9,52,0
2020,ev_cap_exo,9,53,14
2021,ev_cap_exo,9,53,14
2022,ev_cap_exo,9,53,14
2023,ev_cap_exo,9,53,14
2024,ev_cap_exo,9,53,14
2025,ev_cap_exo,9,53,14
2026,ev_cap_exo,9,53,14
2027,ev_cap_exo,9,53,14
2028,ev_cap_exo,9,53,14
2029,ev_cap_exo,9,53,14
2030,ev_cap_exo,9,53,14
2031,ev_cap_exo,9,53,14
2032,ev_cap_exo,9,53,14
2033,ev_cap_exo,9,53,14
2034,ev_cap_exo,9,53,14
2035,ev_cap_exo,9,53,14
2036,ev_cap_exo,9,53,14
2037,ev_cap_exo,9,53,14
2038,ev_cap_exo,9,53,14
2039,ev_cap_exo,9,53,14
2040,ev_cap_exo,9,53,14
2041,ev_cap_exo,9,53,14
2042,ev_cap_exo,9,53,14
2043,ev_cap_exo,9,53,14
2044,ev_cap_exo,9,53,14
2045,ev_cap_exo,9,53,14
2046,ev_cap_exo,9,53,14
2047,ev_cap_exo,9,53,14
2048,ev_cap_exo,9,53,14
2049,ev_cap_exo,9,53,14
2050,ev_cap_exo,9,53,14
2020,ev_cap_exo,9,60,13
2021,ev_cap_exo,9,60,13
2022,ev_cap_exo,9,60,13
2023,ev_cap_exo,9,60,13
2024,ev_cap_exo,9,60,13
2025,ev_cap_exo,9,60,13
2026,ev_cap_exo,9,60,13
2027,ev_cap_exo,9,60,13
2028,ev_cap_exo,9,60,13
2029,ev_cap_exo,9,60,13
2030,ev_cap_exo,9,60,13
2031,ev_cap_exo,9,60,13
2032,ev_cap_exo,9,60,13
2033,ev_cap_exo,9,60,13
2034,ev_cap_exo,9,60,13
2035,ev_cap_exo,9,60,13
2036,ev_cap_exo,9,60,13
2037,ev_cap_exo,9,60,13
2038,ev_cap_exo,9,60,13
2039,ev_cap_exo,9,60,13
2040,ev_cap_exo,9,60,13
2041,ev_cap_exo,9,60,13
2042,ev_cap_exo,9,60,13
2043,ev_cap_exo,9,60,13
2044,ev_cap_exo,9,60,13
2045,ev_cap_exo,9,60,13
2046,ev_cap_exo,9,60,13
2047,ev_cap_exo,9,60,13
2048,ev_cap_exo,9,60,13
2049,ev_cap_exo,9,60,13
2050,ev_cap_exo,9,60,13
2020,ev_cap_exo,9,61,0
2021,ev_cap_exo,9,61,0
2022,ev_cap_exo,9,61,0
2023,ev_cap_exo,9,61,0
2024,ev_cap_exo,9,61,0
2025,ev_cap_exo,9,61,0
2026,ev_cap_exo,9,61,0
2027,ev_cap_exo,9,61,0
2028,ev_cap_exo,9,61,0
2029,ev_cap_exo,9,61,0
2030,ev_cap_exo,9,61,0
2031,ev_cap_exo,9,61,0
2032,ev_cap_exo,9,61,0
2033,ev_cap_exo,9,61,0
2034,ev_cap_exo,9,61,0
2035,ev_cap_exo,9,61,0
2036,ev_cap_exo,9,61,0
2037,ev_cap_exo,9,61,0
2038,ev_cap_exo,9,61,0
2039,ev_cap_exo,9,61,0
2040,ev_cap_exo,9,61,0
2041,ev_cap_exo,9,61,0
2042,ev_cap_exo,9,61,0
2043,ev_cap_exo,9,61,0
2044,ev_cap_exo,9,61,0
2045,ev_cap_exo,9,61,0
2046,ev_cap_exo,9,61,0
2047,ev_cap_exo,9,61,0
2048,ev_cap_exo,9,61,0
2049,ev_cap_exo,9,61,0
2050,ev_cap_exo,9,61,0
2020,ev_cap_exo,9,70,42
2021,ev_cap_exo,9,70,42
2022,ev_cap_exo,9,70,42
2023,ev_cap_exo,9,70,42
2024,ev_cap_exo,9,70,42
2025,ev_cap_exo,9,70,42
2026,ev_cap_exo,9,70,42
2027,ev_cap_exo,9,70,42
2028,ev_cap_exo,9,70,42
2029,ev_cap_exo,9,70,42
2030,ev_cap_exo,9,70,42
2031,ev_cap_exo,9,70,42
2032,ev_cap_exo,9,70,42
2033,ev_cap_exo,9,70,42
2034,ev_cap_exo,9,70,42
2035,ev_cap_exo,9,70,42
2036,ev_cap_exo,9,70,42
2037,ev_cap_exo,9,70,42
2038,ev_cap_exo,9,70,42
2039,ev_cap_exo,9,70,42
2040,ev_cap_exo,9,70,42
2041,ev_cap_exo,9,70,42
2042,ev_cap_exo,9,70,42
2043,ev_cap_exo,9,70,42
2044,ev_cap_exo,9,70,42
2045,ev_cap_exo,9,70,42
2046,ev_cap_exo,9,70,42
2047,ev_cap_exo,9,70,42
2048,ev_cap_exo,9,70,42
2049,ev_cap_exo,9,70,42
2050,ev_cap_exo,9,70,42
2020,ev_cap_exo,10,50,8940
2021,ev_cap_exo,10,50,8940
2022,ev_cap_exo,10,50,8940
2023,ev_cap_exo,10,50,8940
2024,ev_cap_exo,10,50,8940
2025,ev_cap_exo,10,50,8940
2026,ev_cap_exo,10,50,8940
2027,ev_cap_exo,10,50,8940
2028,ev_cap_exo,10,50,8940
2029,ev_cap_exo,10,50,8940
2030,ev_cap_exo,10,50,8940
2031,ev_cap_exo,10,50,8940
2032,ev_cap_exo,10,50,8940
2033,ev_cap_exo,10,50,8940
2034,ev_cap_exo,10,50,8940
2035,ev_cap_exo,10,50,8940
2036,ev_cap_exo,10,50,8940
2037,ev_cap_exo,10,50,8940
2038,ev_cap_exo,10,50,8940
2039,ev_cap_exo,10,50,8940
2040,ev_cap_exo,10,50,8940
2041,ev_cap_exo,10,50,8940
2042,ev_cap_exo,10,50,8940
2043,ev_cap_exo,10,50,8940
2044,ev_cap_exo,10,50,8940
2045,ev_cap_exo,10,50,8940
2046,ev_cap_exo,10,50,8940
2047,ev_cap_exo,10,50,8940
2048,ev_cap_exo,10,50,8940
2049,ev_cap_exo,10,50,8940
2050,ev_cap_exo,10,50,8940
2020,ev_cap_exo,10,51,2783
2021,ev_cap_exo,10,51,2783
2022,ev_cap_exo,10,51,2783
2023,ev_cap_exo,10,51,2783
2024,ev_cap_exo,10,51,2783
2025,ev_cap_exo,10,51,2783
2026,ev_cap_exo,10,51,2783
2027,ev_cap_exo,10,51,2783
2028,ev_cap_exo,10,51,2783
2029,ev_cap_exo,10,51,2783
2030,ev_cap_exo,10,51,2783
2031,ev_cap_exo,10,51,2783
2032,ev_cap_exo,10,51,2783
2033,ev_cap_exo,10,51,2783
2034,ev_cap_exo,10,51,2783
2035,ev_cap_exo,10,51,2783
2036,ev_cap_exo,10,51,2783
2037,ev_cap_exo,10,51,2783
2038,ev_cap_exo,10,51,2783
2039,ev_cap_exo,10,51,2783
2040,ev_cap_exo,10,51,2783
2041,ev_cap_exo,10,51,2783
2042,ev_cap_exo,10,51,2783
2043,ev_cap_exo,10,51,2783
2044,ev_cap_exo,10,51,2783
2045,ev_cap_exo,10,51,2783
2046,ev_cap_exo,10,51,2783
2047,ev_cap_exo,10,51,2783
2048,ev_cap_exo,10,51,2783
2049,ev_cap_exo,10,51,2783
2050,ev_cap_exo,10,51,2783
2020,ev_cap_exo,10,52,22
2021,ev_cap_exo,10,52,22
2022,ev_cap_exo,10,52,22
2023,ev_cap_exo,10,52,22
2024,ev_cap_exo,10,52,22
2025,ev_cap_exo,10,52,22
2026,ev_cap_exo,10,52,22
2027,ev_cap_exo,10,52,22
2028,ev_cap_exo,10,52,22
2029,ev_cap_exo,10,52,22
2030,ev_cap_exo,10,52,22
2031,ev_cap_exo,10,52,22
2032,ev_cap_exo,10,52,22
2033,ev_cap_exo,10,52,22
2034,ev_cap_exo,10,52,22
2035,ev_cap_exo,10,52,22
2036,ev_cap_exo,10,52,22
2037,ev_cap_exo,10,52,22
2038,ev_cap_exo,10,52,22
2039,ev_cap_exo,10,52,22
2040,ev_cap_exo,10,52,22
2041,ev_cap_exo,10,52,22
2042,ev_cap_exo,10,52,22
2043,ev_cap_exo,10,52,22
2044,ev_cap_exo,10,52,22
2045,ev_cap_exo,10,52,22
2046,ev_cap_exo,10,52,22
2047,ev_cap_exo,10,52,22
2048,ev_cap_exo,10,52,22
2049,ev_cap_exo,10,52,22
2050,ev_cap_exo,10,52,22
2020,ev_cap_exo,10,53,241
2021,ev_cap_exo,10,53,241
2022,ev_cap_exo,10,53,241
2023,ev_cap_exo,10,53,241
2024,ev_cap_exo,10,53,241
2025,ev_cap_exo,10,53,241
2026,ev_cap_exo,10,53,241
2027,ev_cap_exo,10,53,241
2028,ev_cap_exo,10,53,241
2029,ev_cap_exo,10,53,241
2030,ev_cap_exo,10,53,241
2031,ev_cap_exo,10,53,241
2032,ev_cap_exo,10,53,241
2033,ev_cap_exo,10,53,241
2034,ev_cap_exo,10,53,241
2035,ev_cap_exo,10,53,241
2036,ev_cap_exo,10,53,241
2037,ev_cap_exo,10,53,241
2038,ev_cap_exo,10,53,241
2039,ev_cap_exo,10,53,241
2040,ev_cap_exo,10,53,241
2041,ev_cap_exo,10,53,241
2042,ev_cap_exo,10,53,241
2043,ev_cap_exo,10,53,241
2044,ev_cap_exo,10,53,241
2045,ev_cap_exo,10,53,241
2046,ev_cap_exo,10,53,241
2047,ev_cap_exo,10,53,241
2048,ev_cap_exo,10,53,241
2049,ev_cap_exo,10,53,241
2050,ev_cap_exo,10,53,241
2020,ev_cap_exo,10,60,225
2021,ev_cap_exo,10,60,225
2022,ev_cap_exo,10,60,225
2023,ev_cap_exo,10,60,225
2024,ev_cap_exo,10,60,225
2025,ev_cap_exo,10,60,225
2026,ev_cap_exo,10,60,225
2027,ev_cap_exo,10,60,225
2028,ev_cap_exo,10,60,225
2029,ev_cap_exo,10,60,225
2030,ev_cap_exo,10,60,225
2031,ev_cap_exo,10,60,225
2032,ev_cap_exo,10,60,225
2033,ev_cap_exo,10,60,225
2034,ev_cap_exo,10,60,225
2035,ev_cap_exo,10,60,225
2036,ev_cap_exo,10,60,225
2037,ev_cap_exo,10,60,225
2038,ev_cap_exo,10,60,225
2039,ev_cap_exo,10,60,225
2040,ev_cap_exo,10,60,225
2041,ev_cap_exo,10,60,225
2042,ev_cap_exo,10,60,225
2043,ev_cap_exo,10,60,225
2044,ev_cap_exo,10,60,225
2045,ev_cap_exo,10,60,225
2046,ev_cap_exo,10,60,225
2047,ev_cap_exo,10,60,225
2048,ev_cap_exo,10,60,225
2049,ev_cap_exo,10,60,225
2050,ev_cap_exo,10,60,225
2020,ev_cap_exo,10,61,1
2021,ev_cap_exo,10,61,1
2022,ev_cap_exo,10,61,1
2023,ev_cap_exo,10,61,1
2024,ev_cap_exo,10,61,1
2025,ev_cap_exo,10,61,1
2026,ev_cap_exo,10,61,1
2027,ev_cap_exo,10,61,1
2028,ev_cap_exo,10,61,1
2029,ev_cap_exo,10,61,1
2030,ev_cap_exo,10,61,1
2031,ev_cap_exo,10,61,1
2032,ev_cap_exo,10,61,1
2033,ev_cap_exo,10,61,1
2034,ev_cap_exo,10,61,1
2035,ev_cap_exo,10,61,1
2036,ev_cap_exo,10,61,1
2037,ev_cap_exo,10,61,1
2038,ev_cap_exo,10,61,1
2039,ev_cap_exo,10,61,1
2040,ev_cap_exo,10,61,1
2041,ev_cap_exo,10,61,1
2042,ev_cap_exo,10,61,1
2043,ev_cap_exo,10,61,1
2044,ev_cap_exo,10,61,1
2045,ev_cap_exo,10,61,1
2046,ev_cap_exo,10,61,1
2047,ev_cap_exo,10,61,1
2048,ev_cap_exo,10,61,1
2049,ev_cap_exo,10,61,1
2050,ev_cap_exo,10,61,1
2020,ev_cap_exo,10,70,737
2021,ev_cap_exo,10,70,737
2022,ev_cap_exo,10,70,737
2023,ev_cap_exo,10,70,737
2024,ev_cap_exo,10,70,737
2025,ev_cap_exo,10,70,737
2026,ev_cap_exo,10,70,737
2027,ev_cap_exo,10,70,737
2028,ev_cap_exo,10,70,737
2029,ev_cap_exo,10,70,737
2030,ev_cap_exo,10,70,737
2031,ev_cap_exo,10,70,737
2032,ev_cap_exo,10,70,737
2033,ev_cap_exo,10,70,737
2034,ev_cap_exo,10,70,737
2035,ev_cap_exo,10,70,737
2036,ev_cap_exo,10,70,737
2037,ev_cap_exo,10,70,737
2038,ev_cap_exo,10,70,737
2039,ev_cap_exo,10,70,737
2040,ev_cap_exo,10,70,737
2041,ev_cap_exo,10,70,737
2042,ev_cap_exo,10,70,737
2043,ev_cap_exo,10,70,737
2044,ev_cap_exo,10,70,737
2045,ev_cap_exo,10,70,737
2046,ev_cap_exo,10,70,737
2047,ev_cap_exo,10,70,737
2048,ev_cap_exo,10,70,737
2049,ev_cap_exo,10,70,737
2050,ev_cap_exo,10,70,737
2020,ev_cap_exo,11,50,1631
2021,ev_cap_exo,11,50,1631
2022,ev_cap_exo,11,50,1631
2023,ev_cap_exo,11,50,1631
2024,ev_cap_exo,11,50,1631
2025,ev_cap_exo,11,50,1631
2026,ev_cap_exo,11,50,1631
2027,ev_cap_exo,11,50,1631
2028,ev_cap_exo,11,50,1631
2029,ev_cap_exo,11,50,1631
2030,ev_cap_exo,11,50,1631
2031,ev_cap_exo,11,50,1631
2032,ev_cap_exo,11,50,1631
2033,ev_cap_exo,11,50,1631
2034,ev_cap_exo,11,50,1631
2035,ev_cap_exo,11,50,1631
2036,ev_cap_exo,11,50,1631
2037,ev_cap_exo,11,50,1631
2038,ev_cap_exo,11,50,1631
2039,ev_cap_exo,11,50,1631
2040,ev_cap_exo,11,50,1631
2041,ev_cap_exo,11,50,1631
2042,ev_cap_exo,11,50,1631
2043,ev_cap_exo,11,50,1631
2044,ev_cap_exo,11,50,1631
2045,ev_cap_exo,11,50,1631
2046,ev_cap_exo,11,50,1631
2047,ev_cap_exo,11,50,1631
2048,ev_cap_exo,11,50,1631
2049,ev_cap_exo,11,50,1631
2050,ev_cap_exo,11,50,1631
2020,ev_cap_exo,11,51,507
2021,ev_cap_exo,11,51,507
2022,ev_cap_exo,11,51,507
2023,ev_cap_exo,11,51,507
2024,ev_cap_exo,11,51,507
2025,ev_cap_exo,11,51,507
2026,ev_cap_exo,11,51,507
2027,ev_cap_exo,11,51,507
2028,ev_cap_exo,11,51,507
2029,ev_cap_exo,11,51,507
2030,ev_cap_exo,11,51,507
2031,ev_cap_exo,11,51,507
2032,ev_cap_exo,11,51,507
2033,ev_cap_exo,11,51,507
2034,ev_cap_exo,11,51,507
2035,ev_cap_exo,11,51,507
2036,ev_cap_exo,11,51,507
2037,ev_cap_exo,11,51,507
2038,ev_cap_exo,11,51,507
2039,ev_cap_exo,11,51,507
2040,ev_cap_exo,11,51,507
2041,ev_cap_exo,11,51,507
2042,ev_cap_exo,11,51,507
2043,ev_cap_exo,11,51,507
2044,ev_cap_exo,11,51,507
2045,ev_cap_exo,11,51,507
2046,ev_cap_exo,11,51,507
2047,ev_cap_exo,11,51,507
2048,ev_cap_exo,11,51,507
2049,ev_cap_exo,11,51,507
2050,ev_cap_exo,11,51,507
2020,ev_cap_exo,11,52,0
2021,ev_cap_exo,11,52,0
2022,ev_cap_exo,11,52,0
2023,ev_cap_exo,11,52,0
2024,ev_cap_exo,11,52,0
2025,ev_cap_exo,11,52,0
2026,ev_cap_exo,11,52,0
2027,ev_cap_exo,11,52,0
2028,ev_cap_exo,11,52,0
2029,ev_cap_exo,11,52,0
2030,ev_cap_exo,11,52,0
2031,ev_cap_exo,11,52,0
2032,ev_cap_exo,11,52,0
2033,ev_cap_exo,11,52,0
2034,ev_cap_exo,11,52,0
2035,ev_cap_exo,11,52,0
2036,ev_cap_exo,11,52,0
2037,ev_cap_exo,11,52,0
2038,ev_cap_exo,11,52,0
2039,ev_cap_exo,11,52,0
2040,ev_cap_exo,11,52,0
2041,ev_cap_exo,11,52,0
2042,ev_cap_exo,11,52,0
2043,ev_cap_exo,11,52,0
2044,ev_cap_exo,11,52,0
2045,ev_cap_exo,11,52,0
2046,ev_cap_exo,11,52,0
2047,ev_cap_exo,11,52,0
2048,ev_cap_exo,11,52,0
2049,ev_cap_exo,11,52,0
2050,ev_cap_exo,11,52,0
2020,ev_cap_exo,11,53,44
2021,ev_cap_exo,11,53,44
2022,ev_cap_exo,11,53,44
2023,ev_cap_exo,11,53,44
2024,ev_cap_exo,11,53,44
2025,ev_cap_exo,11,53,44
2026,ev_cap_exo,11,53,44
2027,ev_cap_exo,11,53,44
2028,ev_cap_exo,11,53,44
2029,ev_cap_exo,11,53,44
2030,ev_cap_exo,11,53,44
2031,ev_cap_exo,11,53,44
2032,ev_cap_exo,11,53,44
2033,ev_cap_exo,11,53,44
2034,ev_cap_exo,11,53,44
2035,ev_cap_exo,11,53,44
2036,ev_cap_exo,11,53,44
2037,ev_cap_exo,11,53,44
2038,ev_cap_exo,11,53,44
2039,ev_cap_exo,11,53,44
2040,ev_cap_exo,11,53,44
2041,ev_cap_exo,11,53,44
2042,ev_cap_exo,11,53,44
2043,ev_cap_exo,11,53,44
2044,ev_cap_exo,11,53,44
2045,ev_cap_exo,11,53,44
2046,ev_cap_exo,11,53,44
2047,ev_cap_exo,11,53,44
2048,ev_cap_exo,11,53,44
2049,ev_cap_exo,11,53,44
2050,ev_cap_exo,11,53,44
2020,ev_cap_exo,11,60,41
2021,ev_cap_exo,11,60,41
2022,ev_cap_exo,11,60,41
2023,ev_cap_exo,11,60,41
2024,ev_cap_exo,11,60,41
2025,ev_cap_exo,11,60,41
2026,ev_cap_exo,11,60,41
2027,ev_cap_exo,11,60,41
2028,ev_cap_exo,11,60,41
2029,ev_cap_exo,11,60,41
2030,ev_cap_exo,11,60,41
2031,ev_cap_exo,11,60,41
2032,ev_cap_exo,11,60,41
2033,ev_cap_exo,11,60,41
2034,ev_cap_exo,11,60,41
2035,ev_cap_exo,11,60,41
2036,ev_cap_exo,11,60,41
2037,ev_cap_exo,11,60,41
2038,ev_cap_exo,11,60,41
2039,ev_cap_exo,11,60,41
2040,ev_cap_exo,11,60,41
2041,ev_cap_exo,11,60,41
2042,ev_cap_exo,11,60,41
2043,ev_cap_exo,11,60,41
2044,ev_cap_exo,11,60,41
2045,ev_cap_exo,11,60,41
2046,ev_cap_exo,11,60,41
2047,ev_cap_exo,11,60,41
2048,ev_cap_exo,11,60,41
2049,ev_cap_exo,11,60,41
2050,ev_cap_exo,11,60,41
2020,ev_cap_exo,11,61,0
2021,ev_cap_exo,11,61,0
2022,ev_cap_exo,11,61,0
2023,ev_cap_exo,11,61,0
2024,ev_cap_exo,11,61,0
2025,ev_cap_exo,11,61,0
2026,ev_cap_exo,11,61,0
2027,ev_cap_exo,11,61,0
2028,ev_cap_exo,11,61,0
2029,ev_cap_exo,11,61,0
2030,ev_cap_exo,11,61,0
2031,ev_cap_exo,11,61,0
2032,ev_cap_exo,11,61,0
2033,ev_cap_exo,11,61,0
2034,ev_cap_exo,11,61,0
2035,ev_cap_exo,11,61,0
2036,ev_cap_exo,11,61,0
2037,ev_cap_exo,11,61,0
2038,ev_cap_exo,11,61,0
2039,ev_cap_exo,11,61,0
2040,ev_cap_exo,11,61,0
2041,ev_cap_exo,11,61,0
2042,ev_cap_exo,11,61,0
2043,ev_cap_exo,11,61,0
2044,ev_cap_exo,11,61,0
2045,ev_cap_exo,11,61,0
2046,ev_cap_exo,11,61,0
2047,ev_cap_exo,11,61,0
2048,ev_cap_exo,11,61,0
2049,ev_cap_exo,11,61,0
2050,ev_cap_exo,11,61,0
2020,ev_cap_exo,11,70,134
2021,ev_cap_exo,11,70,134
2022,ev_cap_exo,11,70,134
2023,ev_cap_exo,11,70,134
2024,ev_cap_exo,11,70,134
2025,ev_cap_exo,11,70,134
2026,ev_cap_exo,11,70,134
2027,ev_cap_exo,11,70,134
2028,ev_cap_exo,11,70,134
2029,ev_cap_exo,11,70,134
2030,ev_cap_exo,11,70,134
2031,ev_cap_exo,11,70,134
2032,ev_cap_exo,11,70,134
2033,ev_cap_exo,11,70,134
2034,ev_cap_exo,11,70,134
2035,ev_cap_exo,11,70,134
2036,ev_cap_exo,11,70,134
2037,ev_cap_exo,11,70,134
2038,ev_cap_exo,11,70,134
2039,ev_cap_exo,11,70,134
2040,ev_cap_exo,11,70,134
2041,ev_cap_exo,11,70,134
2042,ev_cap_exo,11,70,134
2043,ev_cap_exo,11,70,134
2044,ev_cap_exo,11,70,134
2045,ev_cap_exo,11,70,134
2046,ev_cap_exo,11,70,134
2047,ev_cap_exo,11,70,134
2048,ev_cap_exo,11,70,134
2049,ev_cap_exo,11,70,134
2050,ev_cap_exo,11,70,134
2020,ev_cap_exo,12,50,560
2021,ev_cap_exo,12,50,560
2022,ev_cap_exo,12,50,560
2023,ev_cap_exo,12,50,560
2024,ev_cap_exo,12,50,560
2025,ev_cap_exo,12,50,560
2026,ev_cap_exo,12,50,560
2027,ev_cap_exo,12,50,560
2028,ev_cap_exo,12,50,560
2029,ev_cap_exo,12,50,560
2030,ev_cap_exo,12,50,560
2031,ev_cap_exo,12,50,560
2032,ev_cap_exo,12,50,560
2033,ev_cap_exo,12,50,560
2034,ev_cap_exo,12,50,560
2035,ev_cap_exo,12,50,560
2036,ev_cap_exo,12,50,560
2037,ev_cap_exo,12,50,560
2038,ev_cap_exo,12,50,560
2039,ev_cap_exo,12,50,560
2040,ev_cap_exo,12,50,560
2041,ev_cap_exo,12,50,560
2042,ev_cap_exo,12,50,560
2043,ev_cap_exo,12,50,560
2044,ev_cap_exo,12,50,560
2045,ev_cap_exo,12,50,560
2046,ev_cap_exo,12,50,560
2047,ev_cap_exo,12,50,560
2048,ev_cap_exo,12,50,560
2049,ev_cap_exo,12,50,560
2050,ev_cap_exo,12,50,560
2020,ev_cap_exo,12,51,174
2021,ev_cap_exo,12,51,174
2022,ev_cap_exo,12,51,174
2023,ev_cap_exo,12,51,174
2024,ev_cap_exo,12,51,174
2025,ev_cap_exo,12,51,174
2026,ev_cap_exo,12,51,174
2027,ev_cap_exo,12,51,174
2028,ev_cap_exo,12,51,174
2029,ev_cap_exo,12,51,174
2030,ev_cap_exo,12,51,174
2031,ev_cap_exo,12,51,174
2032,ev_cap_exo,12,51,174
2033,ev_cap_exo,12,51,174
2034,ev_cap_exo,12,51,174
2035,ev_cap_exo,12,51,174
2036,ev_cap_exo,12,51,174
2037,ev_cap_exo,12,51,174
2038,ev_cap_exo,12,51,174
2039,ev_cap_exo,12,51,174
2040,ev_cap_exo,12,51,174
2041,ev_cap_exo,12,51,174
2042,ev_cap_exo,12,51,174
2043,ev_cap_exo,12,51,174
2044,ev_cap_exo,12,51,174
2045,ev_cap_exo,12,51,174
2046,ev_cap_exo,12,51,174
2047,ev_cap_exo,12,51,174
2048,ev_cap_exo,12,51,174
2049,ev_cap_exo,12,51,174
2050,ev_cap_exo,12,51,174
2020,ev_cap_exo,12,52,0
2021,ev_cap_exo,12,52,0
2022,ev_cap_exo,12,52,0
2023,ev_cap_exo,12,52,0
2024,ev_cap_exo,12,52,0
2025,ev_cap_exo,12,52,0
2026,ev_cap_exo,12,52,0
2027,ev_cap_exo,12,52,0
2028,ev_cap_exo,12,52,0
2029,ev_cap_exo,12,52,0
2030,ev_cap_exo,12,52,0
2031,ev_cap_exo,12,52,0
2032,ev_cap_exo,12,52,0
2033,ev_cap_exo,12,52,0
2034,ev_cap_exo,12,52,0
2035,ev_cap_exo,12,52,0
2036,ev_cap_exo,12,52,0
2037,ev_cap_exo,12,52,0
2038,ev_cap_exo,12,52,0
2039,ev_cap_exo,12,52,0
2040,ev_cap_exo,12,52,0
2041,ev_cap_exo,12,52,0
2042,ev_cap_exo,12,52,0
2043,ev_cap_exo,12,52,0
2044,ev_cap_exo,12,52,0
2045,ev_cap_exo,12,52,0
2046,ev_cap_exo,12,52,0
2047,ev_cap_exo,12,52,0
2048,ev_cap_exo,12,52,0
2049,ev_cap_exo,12,52,0
2050,ev_cap_exo,12,52,0
2020,ev_cap_exo,12,53,15
2021,ev_cap_exo,12,53,15
2022,ev_cap_exo,12,53,15
2023,ev_cap_exo,12,53,15
2024,ev_cap_exo,12,53,15
2025,ev_cap_exo,12,53,15
2026,ev_cap_exo,12,53,15
2027,ev_cap_exo,12,53,15
2028,ev_cap_exo,12,53,15
2029,ev_cap_exo,12,53,15
2030,ev_cap_exo,12,53,15
2031,ev_cap_exo,12,53,15
2032,ev_cap_exo,12,53,15
2033,ev_cap_exo,12,53,15
2034,ev_cap_exo,12,53,15
2035,ev_cap_exo,12,53,15
2036,ev_cap_exo,12,53,15
2037,ev_cap_exo,12,53,15
2038,ev_cap_exo,12,53,15
2039,ev_cap_exo,12,53,15
2040,ev_cap_exo,12,53,15
2041,ev_cap_exo,12,53,15
2042,ev_cap_exo,12,53,15
2043,ev_cap_exo,12,53,15
2044,ev_cap_exo,12,53,15
2045,ev_cap_exo,12,53,15
2046,ev_cap_exo,12,53,15
2047,ev_cap_exo,12,53,15
2048,ev_cap_exo,12,53,15
2049,ev_cap_exo,12,53,15
2050,ev_cap_exo,12,53,15
2020,ev_cap_exo,12,60,14
2021,ev_cap_exo,12,60,14
2022,ev_cap_exo,12,60,14
2023,ev_cap_exo,12,60,14
2024,ev_cap_exo,12,60,14
2025,ev_cap_exo,12,60,14
2026,ev_cap_exo,12,60,14
2027,ev_cap_exo,12,60,14
2028,ev_cap_exo,12,60,14
2029,ev_cap_exo,12,60,14
2030,ev_cap_exo,12,60,14
2031,ev_cap_exo,12,60,14
2032,ev_cap_exo,12,60,14
2033,ev_cap_exo,12,60,14
2034,ev_cap_exo,12,60,14
2035,ev_cap_exo,12,60,14
2036,ev_cap_exo,12,60,14
2037,ev_cap_exo,12,60,14
2038,ev_cap_exo,12,60,14
2039,ev_cap_exo,12,60,14
2040,ev_cap_exo,12,60,14
2041,ev_cap_exo,12,60,14
2042,ev_cap_exo,12,60,14
2043,ev_cap_exo,12,60,14
2044,ev_cap_exo,12,60,14
2045,ev_cap_exo,12,60,14
2046,ev_cap_exo,12,60,14
2047,ev_cap_exo,12,60,14
2048,ev_cap_exo,12,60,14
2049,ev_cap_exo,12,60,14
2050,ev_cap_exo,12,60,14
2020,ev_cap_exo,12,61,0
2021,ev_cap_exo,12,61,0
2022,ev_cap_exo,12,61,0
2023,ev_cap_exo,12,61,0
2024,ev_cap_exo,12,61,0
2025,ev_cap_exo,12,61,0
2026,ev_cap_exo,12,61,0
2027,ev_cap_exo,12,61,0
2028,ev_cap_exo,12,61,0
2029,ev_cap_exo,12,61,0
2030,ev_cap_exo,12,61,0
2031,ev_cap_exo,12,61,0
2032,ev_cap_exo,12,61,0
2033,ev_cap_exo,12,61,0
2034,ev_cap_exo,12,61,0
2035,ev_cap_exo,12,61,0
2036,ev_cap_exo,12,61,0
2037,ev_cap_exo,12,61,0
2038,ev_cap_exo,12,61,0
2039,ev_cap_exo,12,61,0
2040,ev_cap_exo,12,61,0
2041,ev_cap_exo,12,61,0
2042,ev_cap_exo,12,61,0
2043,ev_cap_exo,12,61,0
2044,ev_cap_exo,12,61,0
2045,ev_cap_exo,12,61,0
2046,ev_cap_exo,12,61,0
2047,ev_cap_exo,12,61,0
2048,ev_cap_exo,12,61,0
2049,ev_cap_exo,12,61,0
2050,ev_cap_exo,12,61,0
2020,ev_cap_exo,12,70,46
2021,ev_cap_exo,12,70,46
2022,ev_cap_exo,12,70,46
2023,ev_cap_exo,12,70,46
2024,ev_cap_exo,12,70,46
2025,ev_cap_exo,12,70,46
2026,ev_cap_exo,12,70,46
2027,ev_cap_exo,12,70,46
2028,ev_cap_exo,12,70,46
2029,ev_cap_exo,12,70,46
2030,ev_cap_exo,12,70,46
2031,ev_cap_exo,12,70,46
2032,ev_cap_exo,12,70,46
2033,ev_cap_exo,12,70,46
2034,ev_cap_exo,12,70,46
2035,ev_cap_exo,12,70,46
2036,ev_cap_exo,12,70,46
2037,ev_cap_exo,12,70,46
2038,ev_cap_exo,12,70,46
2039,ev_cap_exo,12,70,46
2040,ev_cap_exo,12,70,46
2041,ev_cap_exo,12,70,46
2042,ev_cap_exo,12,70,46
2043,ev_cap_exo,12,70,46
2044,ev_cap_exo,12,70,46
2045,ev_cap_exo,12,70,46
2046,ev_cap_exo,12,70,46
2047,ev_cap_exo,12,70,46
2048,ev_cap_exo,12,70,46
2049,ev_cap_exo,12,70,46
2050,ev_cap_exo,12,70,46
2020,ev_cap_exo,13,50,376
2021,ev_cap_exo,13,50,376
2022,ev_cap_exo,13,50,376
2023,ev_cap_exo,13,50,376
2024,ev_cap_exo,13,50,376
2025,ev_cap_exo,13,50,376
2026,ev_cap_exo,13,50,376
2027,ev_cap_exo,13,50,376
2028,ev_cap_exo,13,50,376
2029,ev_cap_exo,13,50,376
2030,ev_cap_exo,13,50,376
2031,ev_cap_exo,13,50,376
2032,ev_cap_exo,13,50,376
2033,ev_cap_exo,13,50,376
2034,ev_cap_exo,13,50,376
2035,ev_cap_exo,13,50,376
2036,ev_cap_exo,13,50,376
2037,ev_cap_exo,13,50,376
2038,ev_cap_exo,13,50,376
2039,ev_cap_exo,13,50,376
2040,ev_cap_exo,13,50,376
2041,ev_cap_exo,13,50,376
2042,ev_cap_exo,13,50,376
2043,ev_cap_exo,13,50,376
2044,ev_cap_exo,13,50,376
2045,ev_cap_exo,13,50,376
2046,ev_cap_exo,13,50,376
2047,ev_cap_exo,13,50,376
2048,ev_cap_exo,13,50,376
2049,ev_cap_exo,13,50,376
2050,ev_cap_exo,13,50,376
2020,ev_cap_exo,13,51,123
2021,ev_cap_exo,13,51,123
2022,ev_cap_exo,13,51,123
2023,ev_cap_exo,13,51,123
2024,ev_cap_exo,13,51,123
2025,ev_cap_exo,13,51,123
2026,ev_cap_exo,13,51,123
2027,ev_cap_exo,13,51,123
2028,ev_cap_exo,13,51,123
2029,ev_cap_exo,13,51,123
2030,ev_cap_exo,13,51,123
2031,ev_cap_exo,13,51,123
2032,ev_cap_exo,13,51,123
2033,ev_cap_exo,13,51,123
2034,ev_cap_exo,13,51,123
2035,ev_cap_exo,13,51,123
2036,ev_cap_exo,13,51,123
2037,ev_cap_exo,13,51,123
2038,ev_cap_exo,13,51,123
2039,ev_cap_exo,13,51,123
2040,ev_cap_exo,13,51,123
2041,ev_cap_exo,13,51,123
2042,ev_cap_exo,13,51,123
2043,ev_cap_exo,13,51,123
2044,ev_cap_exo,13,51,123
2045,ev_cap_exo,13,51,123
2046,ev_cap_exo,13,51,123
2047,ev_cap_exo,13,51,123
2048,ev_cap_exo,13,51,123
2049,ev_cap_exo,13,51,123
2050,ev_cap_exo,13,51,123
2020,ev_cap_exo,13,52,0
2021,ev_cap_exo,13,52,0
2022,ev_cap_exo,13,52,0
2023,ev_cap_exo,13,52,0
2024,ev_cap_exo,13,52,0
2025,ev_cap_exo,13,52,0
2026,ev_cap_exo,13,52,0
2027,ev_cap_exo,13,52,0
2028,ev_cap_exo,13,52,0
2029,ev_cap_exo,13,52,0
2030,ev_cap_exo,13,52,0
2031,ev_cap_exo,13,52,0
2032,ev_cap_exo,13,52,0
2033,ev_cap_exo,13,52,0
2034,ev_cap_exo,13,52,0
2035,ev_cap_exo,13,52,0
2036,ev_cap_exo,13,52,0
2037,ev_cap_exo,13,52,0
2038,ev_cap_exo,13,52,0
2039,ev_cap_exo,13,52,0
2040,ev_cap_exo,13,52,0
2041,ev_cap_exo,13,52,0
2042,ev_cap_exo,13,52,0
2043,ev_cap_exo,13,52,0
2044,ev_cap_exo,13,52,0
2045,ev_cap_exo,13,52,0
2046,ev_cap_exo,13,52,0
2047,ev_cap_exo,13,52,0
2048,ev_cap_exo,13,52,0
2049,ev_cap_exo,13,52,0
2050,ev_cap_exo,13,52,0
2020,ev_cap_exo,13,53,10
2021,ev_cap_exo,13,53,10
2022,ev_cap_exo,13,53,10
2023,ev_cap_exo,13,53,10
2024,ev_cap_exo,13,53,10
2025,ev_cap_exo,13,53,10
2026,ev_cap_exo,13,53,10
2027,ev_cap_exo,13,53,10
2028,ev_cap_exo,13,53,10
2029,ev_cap_exo,13,53,10
2030,ev_cap_exo,13,53,10
2031,ev_cap_exo,13,53,10
2032,ev_cap_exo,13,53,10
2033,ev_cap_exo,13,53,10
2034,ev_cap_exo,13,53,10
2035,ev_cap_exo,13,53,10
2036,ev_cap_exo,13,53,10
2037,ev_cap_exo,13,53,10
2038,ev_cap_exo,13,53,10
2039,ev_cap_exo,13,53,10
2040,ev_cap_exo,13,53,10
2041,ev_cap_exo,13,53,10
2042,ev_cap_exo,13,53,10
2043,ev_cap_exo,13,53,10
2044,ev_cap_exo,13,53,10
2045,ev_cap_exo,13,53,10
2046,ev_cap_exo,13,53,10
2047,ev_cap_exo,13,53,10
2048,ev_cap_exo,13,53,10
2049,ev_cap_exo,13,53,10
2050,ev_cap_exo,13,53,10
2020,ev_cap_exo,13,60,9
2021,ev_cap_exo,13,60,9
2022,ev_cap_exo,13,60,9
2023,ev_cap_exo,13,60,9
2024,ev_cap_exo,13,60,9
2025,ev_cap_exo,13,60,9
2026,ev_cap_exo,13,60,9
2027,ev_cap_exo,13,60,9
2028,ev_cap_exo,13,60,9
2029,ev_cap_exo,13,60,9
2030,ev_cap_exo,13,60,9
2031,ev_cap_exo,13,60,9
2032,ev_cap_exo,13,60,9
2033,ev_cap_exo,13,60,9
2034,ev_cap_exo,13,60,9
2035,ev_cap_exo,13,60,9
2036,ev_cap_exo,13,60,9
2037,ev_cap_exo,13,60,9
2038,ev_cap_exo,13,60,9
2039,ev_cap_exo,13,60,9
2040,ev_cap_exo,13,60,9
2041,ev_cap_exo,13,60,9
2042,ev_cap_exo,13,60,9
2043,ev_cap_exo,13,60,9
2044,ev_cap_exo,13,60,9
2045,ev_cap_exo,13,60,9
2046,ev_cap_exo,13,60,9
2047,ev_cap_exo,13,60,9
2048,ev_cap_exo,13,60,9
2049,ev_cap_exo,13,60,9
2050,ev_cap_exo,13,60,9
2020,ev_cap_exo,13,61,0
2021,ev_cap_exo,13,61,0
2022,ev_cap_exo,13,61,0
2023,ev_cap_exo,13,61,0
2024,ev_cap_exo,13,61,0
2025,ev_cap_exo,13,61,0
2026,ev_cap_exo,13,61,0
2027,ev_cap_exo,13,61,0
2028,ev_cap_exo,13,61,0
2029,ev_cap_exo,13,61,0
2030,ev_cap_exo,13,61,0
2031,ev_cap_exo,13,61,0
2032,ev_cap_exo,13,61,0
2033,ev_cap_exo,13,61,0
2034,ev_cap_exo,13,61,0
2035,ev_cap_exo,13,61,0
2036,ev_cap_exo,13,61,0
2037,ev_cap_exo,13,61,0
2038,ev_cap_exo,13,61,0
2039,ev_cap_exo,13,61,0
2040,ev_cap_exo,13,61,0
2041,ev_cap_exo,13,61,0
2042,ev_cap_exo,13,61,0
2043,ev_cap_exo,13,61,0
2044,ev_cap_exo,13,61,0
2045,ev_cap_exo,13,61,0
2046,ev_cap_exo,13,61,0
2047,ev_cap_exo,13,61,0
2048,ev_cap_exo,13,61,0
2049,ev_cap_exo,13,61,0
2050,ev_cap_exo,13,61,0
2020,ev_cap_exo,13,70,30
2021,ev_cap_exo,13,70,30
2022,ev_cap_exo,13,70,30
2023,ev_cap_exo,13,70,30
2024,ev_cap_exo,13,70,30
2025,ev_cap_exo,13,70,30
2026,ev_cap_exo,13,70,30
2027,ev_cap_exo,13,70,30
2028,ev_cap_exo,13,70,30
2029,ev_cap_exo,13,70,30
2030,ev_cap_exo,13,70,30
2031,ev_cap_exo,13,70,30
2032,ev_cap_exo,13,70,30
2033,ev_cap_exo,13,70,30
2034,ev_cap_exo,13,70,30
2035,ev_cap_exo,13,70,30
2036,ev_cap_exo,13,70,30
2037,ev_cap_exo,13,70,30
2038,ev_cap_exo,13,70,30
2039,ev_cap_exo,13,70,30
2040,ev_cap_exo,13,70,30
2041,ev_cap_exo,13,70,30
2042,ev_cap_exo,13,70,30
2043,ev_cap_exo,13,70,30
2044,ev_cap_exo,13,70,30
2045,ev_cap_exo,13,70,30
2046,ev_cap_exo,13,70,30
2047,ev_cap_exo,13,70,30
2048,ev_cap_exo,13,70,30
2049,ev_cap_exo,13,70,30
2050,ev_cap_exo,13,70,30
2020,ev_cap_exo,14,50,2542
2021,ev_cap_exo,14,50,2542
2022,ev_cap_exo,14,50,2542
2023,ev_cap_exo,14,50,2542
2024,ev_cap_exo,14,50,2542
2025,ev_cap_exo,14,50,2542
2026,ev_cap_exo,14,50,2542
2027,ev_cap_exo,14,50,2542
2028,ev_cap_exo,14,50,2542
2029,ev_cap_exo,14,50,2542
2030,ev_cap_exo,14,50,2542
2031,ev_cap_exo,14,50,2542
2032,ev_cap_exo,14,50,2542
2033,ev_cap_exo,14,50,2542
2034,ev_cap_exo,14,50,2542
2035,ev_cap_exo,14,50,2542
2036,ev_cap_exo,14,50,2542
2037,ev_cap_exo,14,50,2542
2038,ev_cap_exo,14,50,2542
2039,ev_cap_exo,14,50,2542
2040,ev_cap_exo,14,50,2542
2041,ev_cap_exo,14,50,2542
2042,ev_cap_exo,14,50,2542
2043,ev_cap_exo,14,50,2542
2044,ev_cap_exo,14,50,2542
2045,ev_cap_exo,14,50,2542
2046,ev_cap_exo,14,50,2542
2047,ev_cap_exo,14,50,2542
2048,ev_cap_exo,14,50,2542
2049,ev_cap_exo,14,50,2542
2050,ev_cap_exo,14,50,2542
2020,ev_cap_exo,14,51,833
2021,ev_cap_exo,14,51,833
2022,ev_cap_exo,14,51,833
2023,ev_cap_exo,14,51,833
2024,ev_cap_exo,14,51,833
2025,ev_cap_exo,14,51,833
2026,ev_cap_exo,14,51,833
2027,ev_cap_exo,14,51,833
2028,ev_cap_exo,14,51,833
2029,ev_cap_exo,14,51,833
2030,ev_cap_exo,14,51,833
2031,ev_cap_exo,14,51,833
2032,ev_cap_exo,14,51,833
2033,ev_cap_exo,14,51,833
2034,ev_cap_exo,14,51,833
2035,ev_cap_exo,14,51,833
2036,ev_cap_exo,14,51,833
2037,ev_cap_exo,14,51,833
2038,ev_cap_exo,14,51,833
2039,ev_cap_exo,14,51,833
2040,ev_cap_exo,14,51,833
2041,ev_cap_exo,14,51,833
2042,ev_cap_exo,14,51,833
2043,ev_cap_exo,14,51,833
2044,ev_cap_exo,14,51,833
2045,ev_cap_exo,14,51,833
2046,ev_cap_exo,14,51,833
2047,ev_cap_exo,14,51,833
2048,ev_cap_exo,14,51,833
2049,ev_cap_exo,14,51,833
2050,ev_cap_exo,14,51,833
2020,ev_cap_exo,14,52,6
2021,ev_cap_exo,14,52,6
2022,ev_cap_exo,14,52,6
2023,ev_cap_exo,14,52,6
2024,ev_cap_exo,14,52,6
2025,ev_cap_exo,14,52,6
2026,ev_cap_exo,14,52,6
2027,ev_cap_exo,14,52,6
2028,ev_cap_exo,14,52,6
2029,ev_cap_exo,14,52,6
2030,ev_cap_exo,14,52,6
2031,ev_cap_exo,14,52,6
2032,ev_cap_exo,14,52,6
2033,ev_cap_exo,14,52,6
2034,ev_cap_exo,14,52,6
2035,ev_cap_exo,14,52,6
2036,ev_cap_exo,14,52,6
2037,ev_cap_exo,14,52,6
2038,ev_cap_exo,14,52,6
2039,ev_cap_exo,14,52,6
2040,ev_cap_exo,14,52,6
2041,ev_cap_exo,14,52,6
2042,ev_cap_exo,14,52,6
2043,ev_cap_exo,14,52,6
2044,ev_cap_exo,14,52,6
2045,ev_cap_exo,14,52,6
2046,ev_cap_exo,14,52,6
2047,ev_cap_exo,14,52,6
2048,ev_cap_exo,14,52,6
2049,ev_cap_exo,14,52,6
2050,ev_cap_exo,14,52,6
2020,ev_cap_exo,14,53,65
2021,ev_cap_exo,14,53,65
2022,ev_cap_exo,14,53,65
2023,ev_cap_exo,14,53,65
2024,ev_cap_exo,14,53,65
2025,ev_cap_exo,14,53,65
2026,ev_cap_exo,14,53,65
2027,ev_cap_exo,14,53,65
2028,ev_cap_exo,14,53,65
2029,ev_cap_exo,14,53,65
2030,ev_cap_exo,14,53,65
2031,ev_cap_exo,14,53,65
2032,ev_cap_exo,14,53,65
2033,ev_cap_exo,14,53,65
2034,ev_cap_exo,14,53,65
2035,ev_cap_exo,14,53,65
2036,ev_cap_exo,14,53,65
2037,ev_cap_exo,14,53,65
2038,ev_cap_exo,14,53,65
2039,ev_cap_exo,14,53,65
2040,ev_cap_exo,14,53,65
2041,ev_cap_exo,14,53,65
2042,ev_cap_exo,14,53,65
2043,ev_cap_exo,14,53,65
2044,ev_cap_exo,14,53,65
2045,ev_cap_exo,14,53,65
2046,ev_cap_exo,14,53,65
2047,ev_cap_exo,14,53,65
2048,ev_cap_exo,14,53,65
2049,ev_cap_exo,14,53,65
2050,ev_cap_exo,14,53,65
2020,ev_cap_exo,14,60,62
2021,ev_cap_exo,14,60,62
2022,ev_cap_exo,14,60,62
2023,ev_cap_exo,14,60,62
2024,ev_cap_exo,14,60,62
2025,ev_cap_exo,14,60,62
2026,ev_cap_exo,14,60,62
2027,ev_cap_exo,14,60,62
2028,ev_cap_exo,14,60,62
2029,ev_cap_exo,14,60,62
2030,ev_cap_exo,14,60,62
2031,ev_cap_exo,14,60,62
2032,ev_cap_exo,14,60,62
2033,ev_cap_exo,14,60,62
2034,ev_cap_exo,14,60,62
2035,ev_cap_exo,14,60,62
2036,ev_cap_exo,14,60,62
2037,ev_cap_exo,14,60,62
2038,ev_cap_exo,14,60,62
2039,ev_cap_exo,14,60,62
2040,ev_cap_exo,14,60,62
2041,ev_cap_exo,14,60,62
2042,ev_cap_exo,14,60,62
2043,ev_cap_exo,14,60,62
2044,ev_cap_exo,14,60,62
2045,ev_cap_exo,14,60,62
2046,ev_cap_exo,14,60,62
2047,ev_cap_exo,14,60,62
2048,ev_cap_exo,14,60,62
2049,ev_cap_exo,14,60,62
2050,ev_cap_exo,14,60,62
2020,ev_cap_exo,14,61,1
2021,ev_cap_exo,14,61,1
2022,ev_cap_exo,14,61,1
2023,ev_cap_exo,14,61,1
2024,ev_cap_exo,14,61,1
2025,ev_cap_exo,14,61,1
2026,ev_cap_exo,14,61,1
2027,ev_cap_exo,14,61,1
2028,ev_cap_exo,14,61,1
2029,ev_cap_exo,14,61,1
2030,ev_cap_exo,14,61,1
2031,ev_cap_exo,14,61,1
2032,ev_cap_exo,14,61,1
2033,ev_cap_exo,14,61,1
2034,ev_cap_exo,14,61,1
2035,ev_cap_exo,14,61,1
2036,ev_cap_exo,14,61,1
2037,ev_cap_exo,14,61,1
2038,ev_cap_exo,14,61,1
2039,ev_cap_exo,14,61,1
2040,ev_cap_exo,14,61,1
2041,ev_cap_exo,14,61,1
2042,ev_cap_exo,14,61,1
2043,ev_cap_exo,14,61,1
2044,ev_cap_exo,14,61,1
2045,ev_cap_exo,14,61,1
2046,ev_cap_exo,14,61,1
2047,ev_cap_exo,14,61,1
2048,ev_cap_exo,14,61,1
2049,ev_cap_exo,14,61,1
2050,ev_cap_exo,14,61,1
2020,ev_cap_exo,14,70,204
2021,ev_cap_exo,14,70,204
2022,ev_cap_exo,14,70,204
2023,ev_cap_exo,14,70,204
2024,ev_cap_exo,14,70,204
2025,ev_cap_exo,14,70,204
2026,ev_cap_exo,14,70,204
2027,ev_cap_exo,14,70,204
2028,ev_cap_exo,14,70,204
2029,ev_cap_exo,14,70,204
2030,ev_cap_exo,14,70,204
2031,ev_cap_exo,14,70,204
2032,ev_cap_exo,14,70,204
2033,ev_cap_exo,14,70,204
2034,ev_cap_exo,14,70,204
2035,ev_cap_exo,14,70,204
2036,ev_cap_exo,14,70,204
2037,ev_cap_exo,14,70,204
2038,ev_cap_exo,14,70,204
2039,ev_cap_exo,14,70,204
2040,ev_cap_exo,14,70,204
2041,ev_cap_exo,14,70,204
2042,ev_cap_exo,14,70,204
2043,ev_cap_exo,14,70,204
2044,ev_cap_exo,14,70,204
2045,ev_cap_exo,14,70,204
2046,ev_cap_exo,14,70,204
2047,ev_cap_exo,14,70,204
2048,ev_cap_exo,14,70,204
2049,ev_cap_exo,14,70,204
2050,ev_cap_exo,14,70,204
2020,ev_cap_exo,15,50,363
2021,ev_cap_exo,15,50,363
2022,ev_cap_exo,15,50,363
2023,ev_cap_exo,15,50,363
2024,ev_cap_exo,15,50,363
2025,ev_cap_exo,15,50,363
2026,ev_cap_exo,15,50,363
2027,ev_cap_exo,15,50,363
2028,ev_cap_exo,15,50,363
2029,ev_cap_exo,15,50,363
2030,ev_cap_exo,15,50,363
2031,ev_cap_exo,15,50,363
2032,ev_cap_exo,15,50,363
2033,ev_cap_exo,15,50,363
2034,ev_cap_exo,15,50,363
2035,ev_cap_exo,15,50,363
2036,ev_cap_exo,15,50,363
2037,ev_cap_exo,15,50,363
2038,ev_cap_exo,15,50,363
2039,ev_cap_exo,15,50,363
2040,ev_cap_exo,15,50,363
2041,ev_cap_exo,15,50,363
2042,ev_cap_exo,15,50,363
2043,ev_cap_exo,15,50,363
2044,ev_cap_exo,15,50,363
2045,ev_cap_exo,15,50,363
2046,ev_cap_exo,15,50,363
2047,ev_cap_exo,15,50,363
2048,ev_cap_exo,15,50,363
2049,ev_cap_exo,15,50,363
2050,ev_cap_exo,15,50,363
2020,ev_cap_exo,15,51,119
2021,ev_cap_exo,15,51,119
2022,ev_cap_exo,15,51,119
2023,ev_cap_exo,15,51,119
2024,ev_cap_exo,15,51,119
2025,ev_cap_exo,15,51,119
2026,ev_cap_exo,15,51,119
2027,ev_cap_exo,15,51,119
2028,ev_cap_exo,15,51,119
2029,ev_cap_exo,15,51,119
2030,ev_cap_exo,15,51,119
2031,ev_cap_exo,15,51,119
2032,ev_cap_exo,15,51,119
2033,ev_cap_exo,15,51,119
2034,ev_cap_exo,15,51,119
2035,ev_cap_exo,15,51,119
2036,ev_cap_exo,15,51,119
2037,ev_cap_exo,15,51,119
2038,ev_cap_exo,15,51,119
2039,ev_cap_exo,15,51,119
2040,ev_cap_exo,15,51,119
2041,ev_cap_exo,15,51,119
2042,ev_cap_exo,15,51,119
2043,ev_cap_exo,15,51,119
2044,ev_cap_exo,15,51,119
2045,ev_cap_exo,15,51,119
2046,ev_cap_exo,15,51,119
2047,ev_cap_exo,15,51,119
2048,ev_cap_exo,15,51,119
2049,ev_cap_exo,15,51,119
2050,ev_cap_exo,15,51,119
2020,ev_cap_exo,15,52,0
2021,ev_cap_exo,15,52,0
2022,ev_cap_exo,15,52,0
2023,ev_cap_exo,15,52,0
2024,ev_cap_exo,15,52,0
2025,ev_cap_exo,15,52,0
2026,ev_cap_exo,15,52,0
2027,ev_cap_exo,15,52,0
2028,ev_cap_exo,15,52,0
2029,ev_cap_exo,15,52,0
2030,ev_cap_exo,15,52,0
2031,ev_cap_exo,15,52,0
2032,ev_cap_exo,15,52,0
2033,ev_cap_exo,15,52,0
2034,ev_cap_exo,15,52,0
2035,ev_cap_exo,15,52,0
2036,ev_cap_exo,15,52,0
2037,ev_cap_exo,15,52,0
2038,ev_cap_exo,15,52,0
2039,ev_cap_exo,15,52,0
2040,ev_cap_exo,15,52,0
2041,ev_cap_exo,15,52,0
2042,ev_cap_exo,15,52,0
2043,ev_cap_exo,15,52,0
2044,ev_cap_exo,15,52,0
2045,ev_cap_exo,15,52,0
2046,ev_cap_exo,15,52,0
2047,ev_cap_exo,15,52,0
2048,ev_cap_exo,15,52,0
2049,ev_cap_exo,15,52,0
2050,ev_cap_exo,15,52,0
2020,ev_cap_exo,15,53,9
2021,ev_cap_exo,15,53,9
2022,ev_cap_exo,15,53,9
2023,ev_cap_exo,15,53,9
2024,ev_cap_exo,15,53,9
2025,ev_cap_exo,15,53,9
2026,ev_cap_exo,15,53,9
2027,ev_cap_exo,15,53,9
2028,ev_cap_exo,15,53,9
2029,ev_cap_exo,15,53,9
2030,ev_cap_exo,15,53,9
2031,ev_cap_exo,15,53,9
2032,ev_cap_exo,15,53,9
2033,ev_cap_exo,15,53,9
2034,ev_cap_exo,15,53,9
2035,ev_cap_exo,15,53,9
2036,ev_cap_exo,15,53,9
2037,ev_cap_exo,15,53,9
2038,ev_cap_exo,15,53,9
2039,ev_cap_exo,15,53,9
2040,ev_cap_exo,15,53,9
2041,ev_cap_exo,15,53,9
2042,ev_cap_exo,15,53,9
2043,ev_cap_exo,15,53,9
2044,ev_cap_exo,15,53,9
2045,ev_cap_exo,15,53,9
2046,ev_cap_exo,15,53,9
2047,ev_cap_exo,15,53,9
2048,ev_cap_exo,15,53,9
2049,ev_cap_exo,15,53,9
2050,ev_cap_exo,15,53,9
2020,ev_cap_exo,15,60,9
2021,ev_cap_exo,15,60,9
2022,ev_cap_exo,15,60,9
2023,ev_cap_exo,15,60,9
2024,ev_cap_exo,15,60,9
2025,ev_cap_exo,15,60,9
2026,ev_cap_exo,15,60,9
2027,ev_cap_exo,15,60,9
2028,ev_cap_exo,15,60,9
2029,ev_cap_exo,15,60,9
2030,ev_cap_exo,15,60,9
2031,ev_cap_exo,15,60,9
2032,ev_cap_exo,15,60,9
2033,ev_cap_exo,15,60,9
2034,ev_cap_exo,15,60,9
2035,ev_cap_exo,15,60,9
2036,ev_cap_exo,15,60,9
2037,ev_cap_exo,15,60,9
2038,ev_cap_exo,15,60,9
2039,ev_cap_exo,15,60,9
2040,ev_cap_exo,15,60,9
2041,ev_cap_exo,15,60,9
2042,ev_cap_exo,15,60,9
2043,ev_cap_exo,15,60,9
2044,ev_cap_exo,15,60,9
2045,ev_cap_exo,15,60,9
2046,ev_cap_exo,15,60,9
2047,ev_cap_exo,15,60,9
2048,ev_cap_exo,15,60,9
2049,ev_cap_exo,15,60,9
2050,ev_cap_exo,15,60,9
2020,ev_cap_exo,15,61,0
2021,ev_cap_exo,15,61,0
2022,ev_cap_exo,15,61,0
2023,ev_cap_exo,15,61,0
2024,ev_cap_exo,15,61,0
2025,ev_cap_exo,15,61,0
2026,ev_cap_exo,15,61,0
2027,ev_cap_exo,15,61,0
2028,ev_cap_exo,15,61,0
2029,ev_cap_exo,15,61,0
2030,ev_cap_exo,15,61,0
2031,ev_cap_exo,15,61,0
2032,ev_cap_exo,15,61,0
2033,ev_cap_exo,15,61,0
2034,ev_cap_exo,15,61,0
2035,ev_cap_exo,15,61,0
2036,ev_cap_exo,15,61,0
2037,ev_cap_exo,15,61,0
2038,ev_cap_exo,15,61,0
2039,ev_cap_exo,15,61,0
2040,ev_cap_exo,15,61,0
2041,ev_cap_exo,15,61,0
2042,ev_cap_exo,15,61,0
2043,ev_cap_exo,15,61,0
2044,ev_cap_exo,15,61,0
2045,ev_cap_exo,15,61,0
2046,ev_cap_exo,15,61,0
2047,ev_cap_exo,15,61,0
2048,ev_cap_exo,15,61,0
2049,ev_cap_exo,15,61,0
2050,ev_cap_exo,15,61,0
2020,ev_cap_exo,15,70,29
2021,ev_cap_exo,15,70,29
2022,ev_cap_exo,15,70,29
2023,ev_cap_exo,15,70,29
2024,ev_cap_exo,15,70,29
2025,ev_cap_exo,15,70,29
2026,ev_cap_exo,15,70,29
2027,ev_cap_exo,15,70,29
2028,ev_cap_exo,15,70,29
2029,ev_cap_exo,15,70,29
2030,ev_cap_exo,15,70,29
2031,ev_cap_exo,15,70,29
2032,ev_cap_exo,15,70,29
2033,ev_cap_exo,15,70,29
2034,ev_cap_exo,15,70,29
2035,ev_cap_exo,15,70,29
2036,ev_cap_exo,15,70,29
2037,ev_cap_exo,15,70,29
2038,ev_cap_exo,15,70,29
2039,ev_cap_exo,15,70,29
2040,ev_cap_exo,15,70,29
2041,ev_cap_exo,15,70,29
2042,ev_cap_exo,15,70,29
2043,ev_cap_exo,15,70,29
2044,ev_cap_exo,15,70,29
2045,ev_cap_exo,15,70,29
2046,ev_cap_exo,15,70,29
2047,ev_cap_exo,15,70,29
2048,ev_cap_exo,15,70,29
2049,ev_cap_exo,15,70,29
2050,ev_cap_exo,15,70,29
2020,ev_cap_exo,16,50,1017
2021,ev_cap_exo,16,50,1017
2022,ev_cap_exo,16,50,1017
2023,ev_cap_exo,16,50,1017
2024,ev_cap_exo,16,50,1017
2025,ev_cap_exo,16,50,1017
2026,ev_cap_exo,16,50,1017
2027,ev_cap_exo,16,50,1017
2028,ev_cap_exo,16,50,1017
2029,ev_cap_exo,16,50,1017
2030,ev_cap_exo,16,50,1017
2031,ev_cap_exo,16,50,1017
2032,ev_cap_exo,16,50,1017
2033,ev_cap_exo,16,50,1017
2034,ev_cap_exo,16,50,1017
2035,ev_cap_exo,16,50,1017
2036,ev_cap_exo,16,50,1017
2037,ev_cap_exo,16,50,1017
2038,ev_cap_exo,16,50,1017
2039,ev_cap_exo,16,50,1017
2040,ev_cap_exo,16,50,1017
2041,ev_cap_exo,16,50,1017
2042,ev_cap_exo,16,50,1017
2043,ev_cap_exo,16,50,1017
2044,ev_cap_exo,16,50,1017
2045,ev_cap_exo,16,50,1017
2046,ev_cap_exo,16,50,1017
2047,ev_cap_exo,16,50,1017
2048,ev_cap_exo,16,50,1017
2049,ev_cap_exo,16,50,1017
2050,ev_cap_exo,16,50,1017
2020,ev_cap_exo,16,51,538
2021,ev_cap_exo,16,51,538
2022,ev_cap_exo,16,51,538
2023,ev_cap_exo,16,51,538
2024,ev_cap_exo,16,51,538
2025,ev_cap_exo,16,51,538
2026,ev_cap_exo,16,51,538
2027,ev_cap_exo,16,51,538
2028,ev_cap_exo,16,51,538
2029,ev_cap_exo,16,51,538
2030,ev_cap_exo,16,51,538
2031,ev_cap_exo,16,51,538
2032,ev_cap_exo,16,51,538
2033,ev_cap_exo,16,51,538
2034,ev_cap_exo,16,51,538
2035,ev_cap_exo,16,51,538
2036,ev_cap_exo,16,51,538
2037,ev_cap_exo,16,51,538
2038,ev_cap_exo,16,51,538
2039,ev_cap_exo,16,51,538
2040,ev_cap_exo,16,51,538
2041,ev_cap_exo,16,51,538
2042,ev_cap_exo,16,51,538
2043,ev_cap_exo,16,51,538
2044,ev_cap_exo,16,51,538
2045,ev_cap_exo,16,51,538
2046,ev_cap_exo,16,51,538
2047,ev_cap_exo,16,51,538
2048,ev_cap_exo,16,51,538
2049,ev_cap_exo,16,51,538
2050,ev_cap_exo,16,51,538
2020,ev_cap_exo,16,52,3
2021,ev_cap_exo,16,52,3
2022,ev_cap_exo,16,52,3
2023,ev_cap_exo,16,52,3
2024,ev_cap_exo,16,52,3
2025,ev_cap_exo,16,52,3
2026,ev_cap_exo,16,52,3
2027,ev_cap_exo,16,52,3
2028,ev_cap_exo,16,52,3
2029,ev_cap_exo,16,52,3
2030,ev_cap_exo,16,52,3
2031,ev_cap_exo,16,52,3
2032,ev_cap_exo,16,52,3
2033,ev_cap_exo,16,52,3
2034,ev_cap_exo,16,52,3
2035,ev_cap_exo,16,52,3
2036,ev_cap_exo,16,52,3
2037,ev_cap_exo,16,52,3
2038,ev_cap_exo,16,52,3
2039,ev_cap_exo,16,52,3
2040,ev_cap_exo,16,52,3
2041,ev_cap_exo,16,52,3
2042,ev_cap_exo,16,52,3
2043,ev_cap_exo,16,52,3
2044,ev_cap_exo,16,52,3
2045,ev_cap_exo,16,52,3
2046,ev_cap_exo,16,52,3
2047,ev_cap_exo,16,52,3
2048,ev_cap_exo,16,52,3
2049,ev_cap_exo,16,52,3
2050,ev_cap_exo,16,52,3
2020,ev_cap_exo,16,53,26
2021,ev_cap_exo,16,53,26
2022,ev_cap_exo,16,53,26
2023,ev_cap_exo,16,53,26
2024,ev_cap_exo,16,53,26
2025,ev_cap_exo,16,53,26
2026,ev_cap_exo,16,53,26
2027,ev_cap_exo,16,53,26
2028,ev_cap_exo,16,53,26
2029,ev_cap_exo,16,53,26
2030,ev_cap_exo,16,53,26
2031,ev_cap_exo,16,53,26
2032,ev_cap_exo,16,53,26
2033,ev_cap_exo,16,53,26
2034,ev_cap_exo,16,53,26
2035,ev_cap_exo,16,53,26
2036,ev_cap_exo,16,53,26
2037,ev_cap_exo,16,53,26
2038,ev_cap_exo,16,53,26
2039,ev_cap_exo,16,53,26
2040,ev_cap_exo,16,53,26
2041,ev_cap_exo,16,53,26
2042,ev_cap_exo,16,53,26
2043,ev_cap_exo,16,53,26
2044,ev_cap_exo,16,53,26
2045,ev_cap_exo,16,53,26
2046,ev_cap_exo,16,53,26
2047,ev_cap_exo,16,53,26
2048,ev_cap_exo,16,53,26
2049,ev_cap_exo,16,53,26
2050,ev_cap_exo,16,53,26
2020,ev_cap_exo,16,60,41
2021,ev_cap_exo,16,60,41
2022,ev_cap_exo,16,60,41
2023,ev_cap_exo,16,60,41
2024,ev_cap_exo,16,60,41
2025,ev_cap_exo,16,60,41
2026,ev_cap_exo,16,60,41
2027,ev_cap_exo,16,60,41
2028,ev_cap_exo,16,60,41
2029,ev_cap_exo,16,60,41
2030,ev_cap_exo,16,60,41
2031,ev_cap_exo,16,60,41
2032,ev_cap_exo,16,60,41
2033,ev_cap_exo,16,60,41
2034,ev_cap_exo,16,60,41
2035,ev_cap_exo,16,60,41
2036,ev_cap_exo,16,60,41
2037,ev_cap_exo,16,60,41
2038,ev_cap_exo,16,60,41
2039,ev_cap_exo,16,60,41
2040,ev_cap_exo,16,60,41
2041,ev_cap_exo,16,60,41
2042,ev_cap_exo,16,60,41
2043,ev_cap_exo,16,60,41
2044,ev_cap_exo,16,60,41
2045,ev_cap_exo,16,60,41
2046,ev_cap_exo,16,60,41
2047,ev_cap_exo,16,60,41
2048,ev_cap_exo,16,60,41
2049,ev_cap_exo,16,60,41
2050,ev_cap_exo,16,60,41
2020,ev_cap_exo,16,61,2
2021,ev_cap_exo,16,61,2
2022,ev_cap_exo,16,61,2
2023,ev_cap_exo,16,61,2
2024,ev_cap_exo,16,61,2
2025,ev_cap_exo,16,61,2
2026,ev_cap_exo,16,61,2
2027,ev_cap_exo,16,61,2
2028,ev_cap_exo,16,61,2
2029,ev_cap_exo,16,61,2
2030,ev_cap_exo,16,61,2
2031,ev_cap_exo,16,61,2
2032,ev_cap_exo,16,61,2
2033,ev_cap_exo,16,61,2
2034,ev_cap_exo,16,61,2
2035,ev_cap_exo,16,61,2
2036,ev_cap_exo,16,61,2
2037,ev_cap_exo,16,61,2
2038,ev_cap_exo,16,61,2
2039,ev_cap_exo,16,61,2
2040,ev_cap_exo,16,61,2
2041,ev_cap_exo,16,61,2
2042,ev_cap_exo,16,61,2
2043,ev_cap_exo,16,61,2
2044,ev_cap_exo,16,61,2
2045,ev_cap_exo,16,61,2
2046,ev_cap_exo,16,61,2
2047,ev_cap_exo,16,61,2
2048,ev_cap_exo,16,61,2
2049,ev_cap_exo,16,61,2
2050,ev_cap_exo,16,61,2
2020,ev_cap_exo,16,70,98
2021,ev_cap_exo,16,70,98
2022,ev_cap_exo,16,70,98
2023,ev_cap_exo,16,70,98
2024,ev_cap_exo,16,70,98
2025,ev_cap_exo,16,70,98
2026,ev_cap_exo,16,70,98
2027,ev_cap_exo,16,70,98
2028,ev_cap_exo,16,70,98
2029,ev_cap_exo,16,70,98
2030,ev_cap_exo,16,70,98
2031,ev_cap_exo,16,70,98
2032,ev_cap_exo,16,70,98
2033,ev_cap_exo,16,70,98
2034,ev_cap_exo,16,70,98
2035,ev_cap_exo,16,70,98
2036,ev_cap_exo,16,70,98
2037,ev_cap_exo,16,70,98
2038,ev_cap_exo,16,70,98
2039,ev_cap_exo,16,70,98
2040,ev_cap_exo,16,70,98
2041,ev_cap_exo,16,70,98
2042,ev_cap_exo,16,70,98
2043,ev_cap_exo,16,70,98
2044,ev_cap_exo,16,70,98
2045,ev_cap_exo,16,70,98
2046,ev_cap_exo,16,70,98
2047,ev_cap_exo,16,70,98
2048,ev_cap_exo,16,70,98
2049,ev_cap_exo,16,70,98
2050,ev_cap_exo,16,70,98
